TYPE_K,LOKASI,SALES_TYPE,TUN_LEAS
NMAX 155,YMS MAGELANG 3S,Counter Sales,TUNAI
NMAX 155,YMS MAGELANG 3S,Counter Sales,TUNAI
NMAX 155,YMS MAGELANG 3S,Counter Sales,TUNAI
LEXI,YMS MAGELANG 3S,Counter Sales,TUNAI
FILANO NEO,YMS MAGELANG 3S,Counter Sales,TUNAI
MX KING 150 NEW,YMS MAGELANG 3S,Counter Sales,TUNAI
FILANO NEO,YMS MAGELANG 3S,Counter Sales,TUNAI
FILANO LUX,YMS MAGELANG 3S,Counter Sales,TUNAI
NMAX 155,YMS GRABAG 2S,Salesman,TUNAI
FREEGO 125,YMS MAGELANG 3S,Counter Sales,TUNAI
AEROX-C ABS,YMS MAGELANG 3S,Counter Sales,TUNAI
NMAX 155,YMS MAGELANG 3S,Counter Sales,TUNAI
FAZZIO NEO,YMS MAGELANG 3S,Counter Sales,TUNAI
MX KING 150 NEW,YMS MAGELANG 3S,Counter Sales,TUNAI
NMAX 155,YMS MAGELANG 3S,Counter Sales,TUNAI
AEROX C CYBERCT,YMS MAGELANG 3S,Counter Sales,TUNAI
AEROX C CYBERCT,YMS MAGELANG 3S,Counter Sales,TUNAI
NMAX 155 C,YMS MAGELANG 3S,Counter Sales,TUNAI
AEROX C CYBERCT,YMS MAGELANG 3S,Counter Sales,TUNAI
NMAX 155 C,YMS MAGELANG 3S,Counter Sales,TUNAI
FILANO NEO,YMS MAGELANG 3S,Counter Sales,TUNAI
GEAR 125,YMS MAGELANG 3S,Counter Sales,TUNAI
AEROX C CYBERCT,YMS MAGELANG 3S,Counter Sales,TUNAI
FREEGO 125,YMS GRABAG 2S,Salesman,TUNAI
NMAX 155,YMS MAGELANG 3S,Counter Sales,TUNAI
NMAX 155,YMS MAGELANG 3S,Counter Sales,TUNAI
NMAX 155,YMS MAGELANG 3S,Counter Sales,TUNAI
NMAX 155,YMS MAGELANG 3S,Counter Sales,TUNAI
NMAX 155,YMS MAGELANG 3S,Counter Sales,TUNAI
NMAX 155,YMS MAGELANG 3S,Counter Sales,TUNAI
NMAX 155,YMS MAGELANG 3S,Counter Sales,TUNAI
NMAX 155 C,YMS MAGELANG 3S,Counter Sales,TUNAI
XMAX C,YMS MAGELANG 3S,Counter Sales,TUNAI
NMAX 155 C,YMS MAGELANG 3S,Counter Sales,TUNAI
FILANO LUX,YMS MAGELANG 3S,Counter Sales,TUNAI
NMAX 155,YMS MAGELANG 3S,Counter Sales,TUNAI
NMAX 155 C,YMS MAGELANG 3S,Counter Sales,TUNAI
XMAX C,YMS MAGELANG 3S,Counter Sales,TUNAI
NMAX 155,YMS MAGELANG 3S,Counter Sales,TUNAI
XMAX C,YMS MAGELANG 3S,Counter Sales,TUNAI
XMAX C,YMS MAGELANG 3S,Counter Sales,TUNAI
NMAX 155,YMS MAGELANG 3S,Counter Sales,TUNAI
NMAX 155,YMS MAGELANG 3S,Counter Sales,TUNAI
ALL NEW VIXION,YMS MAGELANG 3S,Counter Sales,TUNAI
NMAX 155 C,YMS MAGELANG 3S,Counter Sales,TUNAI
NMAX 155,YMS MAGELANG 3S,Counter Sales,TUNAI
AEROX 155 C,YMS MAGELANG 3S,Counter Sales,TUNAI
LEXI,YMS MAGELANG 3S,Counter Sales,TUNAI
FAZZIO LUX,YMS MAGELANG 3S,Counter Sales,TUNAI
NMAX 155 C,YMS MAGELANG 3S,Counter Sales,TUNAI
NMAX 155 C,YMS MAGELANG 3S,Counter Sales,TUNAI
NMAX 155,YMS MAGELANG 3S,Counter Sales,TUNAI
AEROX 155 C,YMS MAGELANG 3S,Counter Sales,TUNAI
FAZZIO LUX,YMS MAGELANG 3S,Counter Sales,TUNAI
FAZZIO NEO,YMS MAGELANG 3S,Counter Sales,TUNAI
NMAX 155,YMS PURWOREJO 3S,Counter Sales,TUNAI
FILANO NEO,YMS PURWOREJO 3S,Counter Sales,TUNAI
XMAX C,YMS PURWOREJO 3S,Salesman,TUNAI
FILANO NEO,YMS PURWOREJO 3S,Salesman,TUNAI
AEROX C CYBERCT,YMS PURWOREJO 3S,Counter Sales,TUNAI
MIO 125,YMS PURWOREJO 3S,Counter Sales,TUNAI
FILANO NEO,YMS KEBUMEN 3S,Counter Sales,TUNAI
NMAX 155,YMS KEBUMEN 3S,Counter Sales,TUNAI
NMAX 155,YMS KEBUMEN 3S,Counter Sales,TUNAI
R15M C-ABS,YMS KEBUMEN 3S,Counter Sales,TUNAI
NMAX 155 C,YMS KEBUMEN 3S,Counter Sales,TUNAI
FILANO LUX,YMS KEBUMEN 3S,Counter Sales,TUNAI
AEROX C CYBERCT,YMS KEBUMEN 3S,Counter Sales,TUNAI
NMAX 155,YMS KEBUMEN 3S,Salesman,TUNAI
AEROX C CYBERCT,YMS KEBUMEN 3S,Counter Sales,TUNAI
AEROX C CYBERCT,YMS KEBUMEN 3S,Counter Sales,TUNAI
NMAX 155,YMS KEBUMEN 3S,Counter Sales,TUNAI
NMAX 155 C,YMS PREMBUN 2S,Counter Sales,TUNAI
NMAX 155,YMS PREMBUN 2S,Counter Sales,TUNAI
NMAX 155,YMS WONOSOBO 3S,Counter Sales,TUNAI
NMAX 155 C,YMS WONOSOBO 3S,Counter Sales,TUNAI
MX KING 150 NEW,YMS WONOSOBO 3S,Counter Sales,TUNAI
GEAR 125 S,YMS WONOSOBO 3S,Counter Sales,TUNAI
NMAX 155 C,YMS WONOSOBO 3S,Counter Sales,TUNAI
AEROX 155 C,YMS WONOSOBO 3S,Counter Sales,TUNAI
NMAX 155,YMS WONOSOBO 3S,Counter Sales,TUNAI
AEROX 155 C,YMS WONOSOBO 3S,Counter Sales,TUNAI
NMAX 155 C,YMS WONOSOBO 3S,Counter Sales,TUNAI
NMAX 155,YMS WONOSOBO 3S,Counter Sales,TUNAI
FREEGO 125,YMS WONOSOBO 3S,Counter Sales,TUNAI
AEROX 155 C,YMS WONOSOBO 3S,Counter Sales,TUNAI
NMAX 155 ABS,YMS WONOSOBO 3S,Counter Sales,TUNAI
FILANO NEO,YMS TEMANGGUNG 3S,Counter Sales,TUNAI
FAZZIO NEO,YMS TEMANGGUNG 3S,Counter Sales,TUNAI
FAZZIO NEO,PLJ PARAKAN,Salesman,TUNAI
GEAR 125,YMS TEMANGGUNG 3S,Counter Sales,TUNAI
FAZZIO NEO,YMS TEMANGGUNG 3S,Counter Sales,TUNAI
FAZZIO NEO,PLJ PARAKAN,Salesman,TUNAI
FREEGO 125,YMS TEMANGGUNG 3S,Counter Sales,TUNAI
NMAX 155,PLJ PARANGTRITIS,Salesman,TUNAI
FAZZIO NEO,PLJ PARANGTRITIS,Salesman,TUNAI
AEROX 155 C,PLJ PARANGTRITIS,Salesman,TUNAI
FREEGO 125,YMS WATES 3S,Counter Sales,TUNAI
MIO 125 CW,YMS WATES 3S,Counter Sales,TUNAI
AEROX C CYBERCT,PLJ PARANGTRITIS,Salesman,TUNAI
FAZZIO NEO,PLJ PARANGTRITIS,Salesman,TUNAI
NMAX 155,PLJ PARANGTRITIS,Salesman,TUNAI
FILANO LUX,YMS WATES 3S,Counter Sales,TUNAI
NMAX 155 C,YMS WATES 3S,Counter Sales,TUNAI
FILANO LUX,PLJ PARANGTRITIS,Salesman,TUNAI
NMAX 155 ABS,PLJ PARANGTRITIS,Salesman,TUNAI
NMAX 155,PLJ PARANGTRITIS,Salesman,TUNAI
NMAX 155 C,YMS SANG AJI 3S,Counter Sales,TUNAI
FILANO NEO,YMS SANG AJI 3S,Counter Sales,TUNAI
LEXI,YMS SANG AJI 3S,Counter Sales,TUNAI
NMAX 155,YMS SANG AJI 3S,Counter Sales,TUNAI
AEROX 155 C,YMS SANG AJI 3S,Counter Sales,TUNAI
XMAX C,YMS SANG AJI 3S,Counter Sales,TUNAI
NMAX 155,YMS SANG AJI 3S,Counter Sales,TUNAI
FILANO NEO,YMS SANG AJI 3S,Counter Sales,TUNAI
FILANO NEO,YMS SANG AJI 3S,Counter Sales,TUNAI
FILANO NEO,YMS SANG AJI 3S,Counter Sales,TUNAI
FAZZIO NEO,YMS SANG AJI 3S,Counter Sales,TUNAI
FILANO LUX,YMS SANG AJI 3S,Counter Sales,TUNAI
MIO 125,YMS SANG AJI 3S,Counter Sales,TUNAI
FAZZIO NEO,YMS SANG AJI 3S,Counter Sales,TUNAI
FAZZIO NEO,YMS SANG AJI 3S,Salesman,TUNAI
FAZZIO LUX,YMS SANG AJI 3S,Counter Sales,TUNAI
NMAX 155 C,YMS SANG AJI 3S,Salesman,TUNAI
FILANO NEO,YMS SANG AJI 3S,Counter Sales,TUNAI
AEROX 155 C,YMS SANG AJI 3S,Counter Sales,TUNAI
XMAX C,YMS SANG AJI 3S,Counter Sales,TUNAI
NMAX 155 C,YMS SANG AJI 3S,Counter Sales,TUNAI
MX KING 150 NEW,YMS SANG AJI 3S,Counter Sales,TUNAI
NMAX 155 ABS,YMS SANG AJI 3S,Counter Sales,TUNAI
AEROX C CYBERCT,YMS SANG AJI 3S,Counter Sales,TUNAI
FILANO NEO,YMS SANG AJI 3S,Counter Sales,TUNAI
FAZZIO NEO,YMS SANG AJI 3S,Counter Sales,TUNAI
AEROX C CYBERCT,YMS SANG AJI 3S,Counter Sales,TUNAI
MX KING 150 NEW,YMS SANG AJI 3S,Counter Sales,TUNAI
GEAR 125 S,YMS SANG AJI 3S,Counter Sales,TUNAI
AEROX C CYBERCT,YMS SANG AJI 3S,Counter Sales,TUNAI
ALL NEW XSR 155,YMS SANG AJI 3S,Salesman,TUNAI
GEAR 125,YMS SANG AJI 3S,Counter Sales,TUNAI
NMAX 155 ABS,YMS SANG AJI 3S,Counter Sales,TUNAI
FILANO NEO,YMS SANG AJI 3S,Salesman,TUNAI
NMAX 155 ABS,YMS SANG AJI 3S,Salesman,TUNAI
FREEGO 125,YMS SANG AJI 3S,Counter Sales,TUNAI
AEROX 155 C,YMS SANG AJI 3S,Counter Sales,TUNAI
AEROX 155 C,YMS SANG AJI 3S,Counter Sales,TUNAI
JUPITER Z1CWFIN,YMS SANG AJI 3S,Counter Sales,TUNAI
NMAX 155 C,YMS SANG AJI 3S,Counter Sales,TUNAI
GEAR 125,YMS SANG AJI 3S,Counter Sales,TUNAI
AEROX 155 C,YMS SANG AJI 3S,Counter Sales,TUNAI
FAZZIO NEO,YMS SANG AJI 3S,Counter Sales,TUNAI
AEROX 155 C,YMS WONOSARI 3S,Counter Sales,TUNAI
LEXI,YMS WONOSARI 3S,Salesman,TUNAI
LEXI,YMS WONOSARI 3S,Salesman,TUNAI
MX KING 150 NEW,YMS WONOSARI 3S,Counter Sales,TUNAI
FILANO NEO,YMS WONOSARI 3S,Salesman,TUNAI
NMAX 155,YMS WONOSARI 3S,Counter Sales,TUNAI
NMAX 155,YMS WONOSARI 3S,Counter Sales,TUNAI
AEROX 155 C,YMS WONOSARI 3S,Counter Sales,TUNAI
AEROX 155 C,YMS WONOSARI 3S,Counter Sales,TUNAI
NMAX 155,YMS WONOSARI 3S,Counter Sales,TUNAI
FILANO NEO,YMS WONOSARI 3S,Counter Sales,TUNAI
LEXI,YMS KULON PROGO,Counter Sales,TUNAI
AEROX 155 C,YMS KULON PROGO,Salesman,TUNAI
AEROX 155 C,YMS KULON PROGO,Counter Sales,TUNAI
MX KING 150 NEW,YMS KULON PROGO,Counter Sales,TUNAI
AEROX C CYBERCT,YMS KULON PROGO,Counter Sales,TUNAI
FAZZIO NEO,YMS KULON PROGO,Counter Sales,TUNAI
NMAX 155,YMS KULON PROGO,Counter Sales,TUNAI
NMAX 155 C,YMS KULON PROGO,Salesman,TUNAI
NMAX 155,YMS KULON PROGO,Salesman,TUNAI
NMAX 155,YMS KULON PROGO,Salesman,TUNAI
NMAX 155 C,YMS 3S KLATEN,Counter Sales,TUNAI
NMAX 155 C,YMS 3S KLATEN,Counter Sales,TUNAI
AEROX 155 C,YMS 3S KLATEN,Salesman,TUNAI
MIO 125 CW,YMS 3S KLATEN,Salesman,TUNAI
MIO 125 CW,YMS 3S KLATEN,Salesman,TUNAI
MIO 125 CW,PLJ JATINOM,Salesman,TUNAI
FILANO NEO,YMS 3S KLATEN,Counter Sales,TUNAI
NMAX 155,YMS 3S KLATEN,Counter Sales,TUNAI
NMAX 155 C,YMS 3S KLATEN,Counter Sales,TUNAI
NMAX 155,YMS 3S KLATEN,Counter Sales,TUNAI
GEAR 125,YMS 3S KLATEN,Salesman,TUNAI
FAZZIO LUX,YMS 3S KLATEN,Counter Sales,TUNAI
FAZZIO NEO,PLJ JATINOM,Salesman,TUNAI
NMAX 155 C,YMS 3S KLATEN,Salesman,TUNAI
AEROX 155 C,YMS 3S KLATEN,Counter Sales,TUNAI
NMAX 155,YMS 3S KLATEN,Salesman,TUNAI
AEROX 155 C,YMS 3S KLATEN,Salesman,TUNAI
AEROX C CYBERCT,YMS 3S KLATEN,Counter Sales,TUNAI
AEROX C CYBERCT,YMS 3S KLATEN,Salesman,TUNAI
AEROX-C ABS,YMS 3S KLATEN,Salesman,TUNAI
NMAX 155,YMS 3S KLATEN,Counter Sales,TUNAI
NMAX 155,YMS 3S KLATEN,Salesman,TUNAI
WR 155 R,YMS 3S KLATEN,Counter Sales,TUNAI
XMAX C,YMS 3S KLATEN,Counter Sales,TUNAI
LEXI,YMS 3S KLATEN,Salesman,TUNAI
FILANO NEO,YMS 3S KLATEN,Counter Sales,TUNAI
AEROX C CYBERCT,YMS 3S KLATEN,Counter Sales,TUNAI
NMAX 155 C,YMS 3S KLATEN,Counter Sales,TUNAI
NMAX 155 C,YMS 3S KLATEN,Counter Sales,TUNAI
FILANO LUX,YMS 3S KLATEN,Counter Sales,TUNAI
FAZZIO NEO,YMS 3S KLATEN,Counter Sales,TUNAI
NMAX 155,YMS 3S KLATEN,Counter Sales,TUNAI
NMAX 155,YMS 3S KLATEN,Salesman,TUNAI
AEROX C CYBERCT,3S MADIUN,Salesman,TUNAI
FILANO NEO,3S MADIUN,Counter Sales,TUNAI
FAZZIO NEO,3S MADIUN,Counter Sales,TUNAI
NMAX 155,3S MAGETAN,Sales Channel,TUNAI
NMAX 155,3S MAGETAN,Counter Sales,TUNAI
NMAX 155,3S MAGETAN,Sales Channel,TUNAI
AEROX 155 C,3S MAGETAN,Sales Channel,TUNAI
NMAX 155 C,3S MAGETAN,Sales Channel,TUNAI
FILANO NEO,3S MAGETAN,Sales Channel,TUNAI
AEROX C CYBERCT,3S MAGETAN,Counter Sales,TUNAI
MX KING 150 NEW,3S MAGETAN,Counter Sales,TUNAI
NMAX 155 C,3S MAGETAN,Salesman,TUNAI
FILANO NEO,3S MAGETAN,Sales Channel,TUNAI
FAZZIO NEO,3S MAGETAN,Sales Channel,TUNAI
NMAX 155,3S MAGETAN,Sales Channel,TUNAI
NMAX 155 C,3S MAGETAN,Sales Channel,TUNAI
FAZZIO NEO,3S MAGETAN,Sales Channel,TUNAI
NMAX 155,3S MAGETAN,Sales Channel,TUNAI
FILANO NEO,3S MAGETAN,Salesman,TUNAI
NMAX 155,3S PONOROGO,Sales Channel,TUNAI
AEROX 155 C,3S PONOROGO,Sales Channel,TUNAI
NMAX 155,3S PONOROGO,Salesman,TUNAI
NMAX 155 ABS,3S PONOROGO,Sales Channel,TUNAI
JUPITER Z1CWFIN,3S PONOROGO,Counter Sales,TUNAI
JUPITER Z1CWFIN,3S PONOROGO,Counter Sales,TUNAI
NMAX 155,3S PONOROGO,Counter Sales,TUNAI
NMAX 155,3S PONOROGO,Sales Channel,TUNAI
FAZZIO NEO,3S PONOROGO,Sales Channel,TUNAI
NMAX 155,3S PONOROGO,Sales Channel,TUNAI
NMAX 155,3S PONOROGO,Sales Channel,TUNAI
MX KING 150 NEW,3S PONOROGO,Counter Sales,TUNAI
NMAX 155 C,3S PONOROGO,Sales Channel,TUNAI
AEROX C CYBERCT,3S PONOROGO,Counter Sales,TUNAI
NMAX 155,3S PONOROGO,Sales Channel,TUNAI
NMAX 155,3S PONOROGO,Sales Channel,TUNAI
NMAX 155,3S PONOROGO,Sales Channel,TUNAI
NMAX 155 C,3S PONOROGO,Sales Channel,TUNAI
FILANO NEO,3S PONOROGO,Salesman,TUNAI
NMAX 155,3S PONOROGO,Sales Channel,TUNAI
NMAX 155 C,3S PONOROGO,Sales Channel,TUNAI
NMAX 155 C,3S PONOROGO,Salesman,TUNAI
AEROX 155 C,3S PONOROGO,Salesman,TUNAI
NMAX 155 C,3S PONOROGO,Sales Channel,TUNAI
MX KING 150 NEW,3S PONOROGO,Sales Channel,TUNAI
JUPITER Z1CWFIN,3S PONOROGO,Sales Channel,TUNAI
AEROX C CYBERCT,3S PONOROGO,Salesman,TUNAI
NMAX 155,3S PONOROGO,Salesman,TUNAI
NMAX 155 C,3S PONOROGO,Sales Channel,TUNAI
NMAX 155 C,3S PONOROGO,Salesman,TUNAI
XMAX C,3S PONOROGO,Counter Sales,TUNAI
XMAX C,3S PONOROGO,Counter Sales,TUNAI
XMAX C,3S PONOROGO,Salesman,TUNAI
FILANO NEO,3S PONOROGO,Counter Sales,TUNAI
FILANO LUX,3S PONOROGO,Salesman,TUNAI
NMAX 155 C,3S PONOROGO,Salesman,TUNAI
MX KING 150 NEW,3S PONOROGO,Counter Sales,TUNAI
NMAX 155,3S PONOROGO,Salesman,TUNAI
AEROX-C ABS,3S PONOROGO,Salesman,TUNAI
NMAX 155,3S PONOROGO,Counter Sales,TUNAI
VEGA FORCE DBCW,3S PONOROGO,Sales Channel,TUNAI
FAZZIO NEO,3S PONOROGO,Sales Channel,TUNAI
NMAX 155,3S PONOROGO,Sales Channel,TUNAI
NMAX 155,3S PONOROGO,Sales Channel,TUNAI
NMAX 155,3S PONOROGO,Sales Channel,TUNAI
NMAX 155,3S PONOROGO,Sales Channel,TUNAI
R15 CONNECTED,3S PONOROGO,Sales Channel,TUNAI
AEROX 155 C,3S PONOROGO,Sales Channel,TUNAI
FILANO NEO,3S KEDIRI,Counter Sales,TUNAI
FILANO NEO,3S NGADILUWIH,Sales Channel,TUNAI
FREEGO 125,3S NGADILUWIH,Sales Channel,TUNAI
AEROX 155 C,3S NGADILUWIH,Sales Channel,TUNAI
NMAX 155 C,3S BLITAR,Salesman,TUNAI
FILANO LUX,3S BLITAR,Salesman,TUNAI
NMAX 155 ABS,3S BLITAR,Salesman,TUNAI
FILANO NEO,3S TULUNGAGUNG,Salesman,TUNAI
NMAX 155,3S TULUNGAGUNG,Salesman,TUNAI
FREEGO 125 C,3S TULUNGAGUNG,Salesman,TUNAI
FILANO NEO,3S TULUNGAGUNG,Counter Sales,TUNAI
NMAX 155 C,3S TULUNGAGUNG,Salesman,TUNAI
MX KING 150 NEW,3S TULUNGAGUNG,Salesman,TUNAI
NMAX 155,3S TULUNGAGUNG,Salesman,TUNAI
FILANO LUX,3S TULUNGAGUNG,Salesman,TUNAI
MIO 125 CW,3S TULUNGAGUNG,Sales Channel,TUNAI
FAZZIO NEO,3S TULUNGAGUNG,Counter Sales,TUNAI
FILANO NEO,3S TULUNGAGUNG,Salesman,TUNAI
FILANO LUX,3S TULUNGAGUNG,Salesman,TUNAI
NMAX 155,3S TULUNGAGUNG,Salesman,TUNAI
FILANO LUX,3S TULUNGAGUNG,Salesman,TUNAI
FAZZIO NEO,3S TULUNGAGUNG,Salesman,TUNAI
FAZZIO NEO,3S TULUNGAGUNG,Salesman,TUNAI
FAZZIO NEO,3S TULUNGAGUNG,Sales Channel,TUNAI
NMAX 155,3S TULUNGAGUNG,Salesman,TUNAI
ALL NEW XSR 155,3S TULUNGAGUNG,Counter Sales,TUNAI
NMAX 155,3S TULUNGAGUNG,Salesman,TUNAI
FAZZIO NEO,3S TULUNGAGUNG,Salesman,TUNAI
FAZZIO NEO,3S TULUNGAGUNG,Salesman,TUNAI
FAZZIO NEO,3S TULUNGAGUNG,Salesman,TUNAI
NMAX 155,3S NGANJUK,Sales Channel,TUNAI
FAZZIO NEO,3S NGANJUK,Sales Channel,TUNAI
ALL NEW VIXION,3S NGANJUK,Sales Channel,TUNAI
NMAX 155,3S NGANJUK,Sales Channel,TUNAI
NMAX 155,3S NGANJUK,Sales Channel,TUNAI
NMAX 155 C,3S NGANJUK,Sales Channel,TUNAI
VEGA FORCE DBCW,3S NGANJUK,Sales Channel,TUNAI
FILANO LUX,3S NGANJUK,Counter Sales,TUNAI
AEROX C CYBERCT,3S NGANJUK,Sales Channel,TUNAI
XMAX C,3S NGANJUK,Counter Sales,TUNAI
XMAX C,3S NGANJUK,Counter Sales,TUNAI
XMAX C,3S NGANJUK,Salesman,TUNAI
NMAX 155,3S NGANJUK,Sales Channel,TUNAI
AEROX 155 C,3S NGANJUK,Sales Channel,TUNAI
NMAX 155 C,3S NGANJUK,Sales Channel,TUNAI
NMAX 155 C,3S NGANJUK,Sales Channel,TUNAI
NMAX 155 C,3S NGANJUK,Sales Channel,TUNAI
NEW FINO PR 125,YMS WAHIDIN 2S,Counter Sales,TUNAI
NEW FINO GRANDE,YMS WAHIDIN 2S,Salesman,TUNAI
ALL NEW XSR 155,YMS WAHIDIN 2S,Counter Sales,TUNAI
GEAR 125,YMS WAHIDIN 2S,Counter Sales,TUNAI
GEAR 125,YMS 1S MT HARYONO,Counter Sales,TUNAI
LEXI,YMS 1S MT HARYONO,Counter Sales,TUNAI
NMAX 155,YMS 1S MT HARYONO,Counter Sales,TUNAI
FAZZIO NEO,YMS WAHIDIN 2S,Salesman,TUNAI
NMAX 155 C,YMS 1S MT HARYONO,Sales Channel,TUNAI
FAZZIO NEO,YMS 1S MT HARYONO,Counter Sales,TUNAI
FAZZIO LUX,YMS 1S MT HARYONO,Counter Sales,TUNAI
NMAX 155 C,YMS WAHIDIN 2S,Counter Sales,TUNAI
NMAX 155 C,YMS 1S MT HARYONO,Sales Channel,TUNAI
AEROX C CYBERCT,YMS 1S MT HARYONO,Counter Sales,TUNAI
FAZZIO NEO,YMS 1S MT HARYONO,Counter Sales,TUNAI
NMAX 155 C,YMS 1S MT HARYONO,Counter Sales,TUNAI
NMAX 155 C,YMS 1S MT HARYONO,Counter Sales,TUNAI
NMAX 155,YMS 1S MT HARYONO,Counter Sales,TUNAI
AEROX C CYBERCT,YMS 1S MT HARYONO,Counter Sales,TUNAI
FREEGO 125,YMS 1S MT HARYONO,Counter Sales,TUNAI
FAZZIO NEO,YMS 1S MT HARYONO,Counter Sales,TUNAI
FAZZIO NEO,YMS 1S MT HARYONO,Counter Sales,TUNAI
AEROX C CYBERCT,YMS 1S MT HARYONO,Counter Sales,TUNAI
FILANO LUX,YMS 1S MT HARYONO,Salesman,TUNAI
FAZZIO LUX,YMS 1S MT HARYONO,Salesman,TUNAI
NEW FINO PR 125,YMS 1S MT HARYONO,Counter Sales,TUNAI
FREEGO 125,YMS 1S MT HARYONO,Counter Sales,TUNAI
FAZZIO LUX,YMS 1S MT HARYONO,Counter Sales,TUNAI
FILANO NEO,YMS WAHIDIN 2S,Counter Sales,TUNAI
FILANO NEO,YMS WAHIDIN 2S,Salesman,TUNAI
FAZZIO NEO,YMS 1S MT HARYONO,Counter Sales,TUNAI
JUPITER Z1CWFIN,YMS 1S MT HARYONO,Counter Sales,TUNAI
NMAX 155 C,YMS 1S MT HARYONO,Counter Sales,TUNAI
FILANO LUX,YMS 1S MT HARYONO,Counter Sales,TUNAI
FAZZIO LUX,YMS 1S MT HARYONO,Counter Sales,TUNAI
AEROX 155 C,YMS 1S MT HARYONO,Counter Sales,TUNAI
FILANO NEO,YMS 1S MT HARYONO,Counter Sales,TUNAI
NMAX 155,YMS 1S MT HARYONO,Counter Sales,TUNAI
NMAX 155,YMS 1S MT HARYONO,Counter Sales,TUNAI
NMAX 155,YMS 1S MT HARYONO,Counter Sales,TUNAI
AEROX 155 C,YMS 1S MT HARYONO,Counter Sales,TUNAI
NMAX 155 C,YMS 1S MT HARYONO,Counter Sales,TUNAI
MIO 125,YMS WAHIDIN 2S,Salesman,TUNAI
MIO 125,YMS WAHIDIN 2S,Salesman,TUNAI
MIO 125,YMS WAHIDIN 2S,Salesman,TUNAI
MIO 125,YMS WAHIDIN 2S,Salesman,TUNAI
MIO 125,YMS 1S MT HARYONO,Sales Channel,TUNAI
MIO 125,YMS 1S MT HARYONO,Sales Channel,TUNAI
FREEGO 125,YMS KALIWUNGU 3S,Counter Sales,TUNAI
FILANO NEO,YMS KALIWUNGU 3S,Counter Sales,TUNAI
NMAX 155 ABS,YMS KALIWUNGU 3S,Counter Sales,TUNAI
NMAX 155 ABS,YMS KALIWUNGU 3S,Counter Sales,TUNAI
NMAX 155,YMS KALIWUNGU 3S,Salesman,TUNAI
NMAX 155 ABS,YMS KALIWUNGU 3S,Counter Sales,TUNAI
NMAX 155 C,YMS KALIWUNGU 3S,Counter Sales,TUNAI
NMAX 155,YMS KALIWUNGU 3S,Salesman,TUNAI
FILANO NEO,YMS KALIWUNGU 3S,Counter Sales,TUNAI
NMAX 155 ABS,YMS KALIWUNGU 3S,Counter Sales,TUNAI
AEROX C CYBERCT,YMS KALIWUNGU 3S,Salesman,TUNAI
NMAX 155,YMS CEPIRING 2S,Salesman,TUNAI
AEROX 155 C,YMS KALIWUNGU 3S,Counter Sales,TUNAI
FAZZIO NEO,YMS SETIABUDI,Counter Sales,TUNAI
NMAX 155 C,YMS SETIABUDI,Salesman,TUNAI
FILANO NEO,YMS SETIABUDI,Counter Sales,TUNAI
NMAX 155 C,YMS SETIABUDI,Counter Sales,TUNAI
YZ125X,YMS SETIABUDI,Salesman,TUNAI
NMAX 155 C,YMS SETIABUDI,Counter Sales,TUNAI
GEAR 125 S,YMS SETIABUDI,Counter Sales,TUNAI
FAZZIO NEO,YMS SETIABUDI,Counter Sales,TUNAI
FAZZIO LUX,YMS SETIABUDI,Salesman,TUNAI
FAZZIO NEO,YMS SETIABUDI,Counter Sales,TUNAI
GEAR 125,YMS SETIABUDI,Counter Sales,TUNAI
AEROX-C ABS,YMS SETIABUDI,Counter Sales,TUNAI
FREEGO 125,YMS SETIABUDI,Counter Sales,TUNAI
FAZZIO LUX,YMS SETIABUDI,Counter Sales,TUNAI
GEAR 125,YMS SETIABUDI,Counter Sales,TUNAI
NMAX 155 C,YMS SETIABUDI,Salesman,TUNAI
NMAX 155,YMS SETIABUDI,Salesman,TUNAI
FAZZIO NEO,YMS SETIABUDI,Counter Sales,TUNAI
GEAR 125,YMS SETIABUDI,Counter Sales,TUNAI
NMAX 155 C,YMS SETIABUDI,Counter Sales,TUNAI
FAZZIO NEO,YMS SETIABUDI,Counter Sales,TUNAI
YZ250X,YMS SETIABUDI,Salesman,TUNAI
JUPITER Z1CWFIN,YMS SETIABUDI,Counter Sales,TUNAI
GEAR 125 S,YMS SETIABUDI,Counter Sales,TUNAI
GEAR 125,YMS SETIABUDI,Salesman,TUNAI
AEROX C CYBERCT,YMS SETIABUDI,Salesman,TUNAI
FAZZIO NEO,YMS SETIABUDI,Counter Sales,TUNAI
FAZZIO NEO,YMS SETIABUDI,Counter Sales,TUNAI
NMAX 155 C,YMS SETIABUDI,Counter Sales,TUNAI
NEW FINO PR 125,YMS SETIABUDI,Counter Sales,TUNAI
FILANO LUX,YMS SETIABUDI,Counter Sales,TUNAI
AEROX 155 C,YMS SETIABUDI,Salesman,TUNAI
YZ250FX,YMS SETIABUDI,Salesman,TUNAI
NMAX 155,YMS SETIABUDI,Counter Sales,TUNAI
YZ125X,YMS SETIABUDI,Salesman,TUNAI
NMAX 155 C,YMS SETIABUDI,Counter Sales,TUNAI
FAZZIO NEO,YMS SETIABUDI,Counter Sales,TUNAI
AEROX 155 C,YMS SETIABUDI,Salesman,TUNAI
FILANO LUX,YMS MRANGGEN 3S,Salesman,TUNAI
AEROX 155 C,YMS DEMAK 2S,Counter Sales,TUNAI
FILANO NEO,YMS MRANGGEN 3S,Counter Sales,TUNAI
AEROX C CYBERCT,YMS DEMAK 2S,Counter Sales,TUNAI
NMAX 155,YMS DEMAK 2S,Counter Sales,TUNAI
NMAX 155,YMS DEMAK 2S,Counter Sales,TUNAI
AEROX C CYBERCT,YMS MRANGGEN 3S,Counter Sales,TUNAI
FILANO NEO,YMS DEMAK 2S,Counter Sales,TUNAI
NMAX 155 C,YMS DEMAK 2S,Counter Sales,TUNAI
FAZZIO LUX,YMS DEMAK 2S,Counter Sales,TUNAI
FILANO NEO,YMS DEMAK 2S,Counter Sales,TUNAI
NMAX 155 C,YMS DEMAK 2S,Counter Sales,TUNAI
FAZZIO NEO,YMS PEDURUNGAN 3S,Salesman,TUNAI
MX KING 150 NEW,YMS PEDURUNGAN 3S,Counter Sales,TUNAI
ALL NEW XSR 155,YMS PEDURUNGAN 3S,Counter Sales,TUNAI
FILANO NEO,YMS PEDURUNGAN 3S,Salesman,TUNAI
NMAX 155,YMS PEDURUNGAN 3S,Salesman,TUNAI
NMAX 155 C,YMS PEDURUNGAN 3S,Counter Sales,TUNAI
LEXI,YMS PEDURUNGAN 3S,Counter Sales,TUNAI
FAZZIO NEO,YMS PEDURUNGAN 3S,Counter Sales,TUNAI
GEAR 125,PLJ SAMBIROTO,Salesman,TUNAI
FILANO LUX,YMS PEDURUNGAN 3S,Counter Sales,TUNAI
XMAX C,YMS PEDURUNGAN 3S,Counter Sales,TUNAI
ALL NEW XSR 155,YMS PEDURUNGAN 3S,Counter Sales,TUNAI
FAZZIO NEO,YMS PEDURUNGAN 3S,Counter Sales,TUNAI
FILANO NEO,PLJ SAMBIROTO,Salesman,TUNAI
FILANO NEO,YMS PEDURUNGAN 3S,Counter Sales,TUNAI
FILANO LUX,YMS PEDURUNGAN 3S,Counter Sales,TUNAI
FREEGO 125,YMS PEDURUNGAN 3S,Salesman,TUNAI
FAZZIO NEO,YMS PEDURUNGAN 3S,Counter Sales,TUNAI
FAZZIO NEO,YMS PEDURUNGAN 3S,Counter Sales,TUNAI
NMAX 155,YMS PEDURUNGAN 3S,Counter Sales,TUNAI
NMAX 155,YMS PEDURUNGAN 3S,Salesman,TUNAI
NMAX 155 C,YMS PEDURUNGAN 3S,Salesman,TUNAI
NMAX 155,YMS PEDURUNGAN 3S,Counter Sales,TUNAI
ALL NEW VIXION,YMS PEDURUNGAN 3S,Salesman,TUNAI
NMAX 155,YMS PEDURUNGAN 3S,Counter Sales,TUNAI
FILANO NEO,YMS PEDURUNGAN 3S,Counter Sales,TUNAI
NMAX 155,YMS PEDURUNGAN 3S,Salesman,TUNAI
GEAR 125,YMS PEDURUNGAN 3S,Counter Sales,TUNAI
AEROX 155 C,YMS PEDURUNGAN 3S,Counter Sales,TUNAI
AEROX C CYBERCT,YMS PEDURUNGAN 3S,Counter Sales,TUNAI
FAZZIO LUX,YMS PEDURUNGAN 3S,Salesman,TUNAI
FILANO NEO,YMS PEDURUNGAN 3S,Counter Sales,TUNAI
FAZZIO NEO,YMS PEDURUNGAN 3S,Counter Sales,TUNAI
AEROX C CYBERCT,YMS PEDURUNGAN 3S,Counter Sales,TUNAI
FAZZIO NEO,YMS PEDURUNGAN 3S,Counter Sales,TUNAI
GEAR 125,YMS PEDURUNGAN 3S,Counter Sales,TUNAI
GEAR 125,YMS PEDURUNGAN 3S,Counter Sales,TUNAI
GEAR 125,YMS PEDURUNGAN 3S,Salesman,TUNAI
AEROX 155 C,YMS PEDURUNGAN 3S,Counter Sales,TUNAI
NMAX 155 C,YMS PEDURUNGAN 3S,Counter Sales,TUNAI
NMAX 155,YMS PEDURUNGAN 3S,Salesman,TUNAI
FILANO NEO,YMS PEDURUNGAN 3S,Counter Sales,TUNAI
NMAX 155 C,YMS PEDURUNGAN 3S,Counter Sales,TUNAI
NMAX 155,YMS PEDURUNGAN 3S,Counter Sales,TUNAI
AEROX 155 C,PLJ SAMBIROTO,Salesman,TUNAI
FAZZIO LUX,YMS BULU 3S,Counter Sales,TUNAI
R15 CONNECTED,YMS BULU 3S,Counter Sales,TUNAI
FREEGO 125,YMS BULU 3S,Counter Sales,TUNAI
FAZZIO NEO,YMS BULU 3S,Salesman,TUNAI
AEROX C CYBERCT,YMS MIJEN 2S,Counter Sales,TUNAI
AEROX-C ABS,YMS BULU 3S,Counter Sales,TUNAI
FILANO LUX,YMS BULU 3S,Counter Sales,TUNAI
FREEGO 125,YMS BULU 3S,Counter Sales,TUNAI
GEAR 125 S,YMS BULU 3S,Counter Sales,TUNAI
FILANO LUX,YMS MIJEN 2S,Salesman,TUNAI
JUPITER Z1CWFIN,YMS BULU 3S,Salesman,TUNAI
FAZZIO NEO,YMS MIJEN 2S,Counter Sales,TUNAI
AEROX C CYBERCT,YMS BULU 3S,Counter Sales,TUNAI
AEROX C CYBERCT,YMS BULU 3S,Counter Sales,TUNAI
NMAX 155 ABS,YMS BULU 3S,Counter Sales,TUNAI
LEXI,YMS BULU 3S,Counter Sales,TUNAI
JUPITER Z1CWFIN,YMS BULU 3S,Counter Sales,TUNAI
GEAR 125,YMS BULU 3S,Counter Sales,TUNAI
NMAX 155 C,YMS BULU 3S,Counter Sales,TUNAI
FAZZIO NEO,YMS BULU 3S,Counter Sales,TUNAI
FAZZIO LUX,YMS MIJEN 2S,Counter Sales,TUNAI
XMAX C,YMS BULU 3S,Counter Sales,TUNAI
AEROX C CYBERCT,YMS BULU 3S,Salesman,TUNAI
AEROX C CYBERCT,YMS BULU 3S,Counter Sales,TUNAI
LEXI,YMS BULU 3S,Counter Sales,TUNAI
ALL NEW XSR 155,YMS MIJEN 2S,Counter Sales,TUNAI
NMAX 155,YMS BULU 3S,Counter Sales,TUNAI
AEROX 155 C,YMS BULU 3S,Counter Sales,TUNAI
FAZZIO LUX,YMS BULU 3S,Counter Sales,TUNAI
LEXI,YMS BULU 3S,Counter Sales,TUNAI
NMAX 155,YMS BULU 3S,Counter Sales,TUNAI
NMAX 155 C,YMS BULU 3S,Counter Sales,TUNAI
FILANO LUX,YMS BULU 3S,Counter Sales,TUNAI
FAZZIO NEO,YMS MIJEN 2S,Counter Sales,TUNAI
NMAX 155 C,YMS MIJEN 2S,Counter Sales,TUNAI
NMAX 155,YMS BULU 3S,Counter Sales,TUNAI
MIO 125 CW,YMS BULU 3S,Counter Sales,TUNAI
NMAX 155 C,YMS BULU 3S,Counter Sales,TUNAI
FILANO NEO,MATARAM SAKTI BAWEN,Counter Sales,TUNAI
FILANO LUX,MATARAM SAKTI BAWEN,Salesman,TUNAI
NMAX 155 C,MATARAM SAKTI BAWEN,Counter Sales,TUNAI
FILANO NEO,MATARAM SAKTI BAWEN,Counter Sales,TUNAI
AEROX C CYBERCT,MATARAM SAKTI BAWEN,Salesman,TUNAI
JUPITER Z1CWFIN,MATARAM SAKTI BAWEN,Counter Sales,TUNAI
FAZZIO NEO,MATARAM SAKTI BAWEN,Counter Sales,TUNAI
FILANO LUX,MATARAM SAKTI BAWEN,Counter Sales,TUNAI
NMAX 155 ABS,MATARAM SAKTI BAWEN,Counter Sales,TUNAI
LEXI,MATARAM SAKTI BAWEN,Salesman,TUNAI
FAZZIO NEO,MATARAM SAKTI BAWEN,Counter Sales,TUNAI
NMAX 155 C,MATARAM SAKTI BAWEN,Counter Sales,TUNAI
FILANO NEO,MATARAM SAKTI BAWEN,Counter Sales,TUNAI
AEROX 155 C,MATARAM SAKTI BAWEN,Counter Sales,TUNAI
NMAX 155 C,MATARAM SAKTI BAWEN,Counter Sales,TUNAI
NMAX 155 C,YMS BOJA 3S,Counter Sales,TUNAI
NMAX 155 C,YMS BOJA 3S,Counter Sales,TUNAI
FAZZIO NEO,YMS BOJA 3S,Counter Sales,TUNAI
WR 155 R,YMS BOJA 3S,Counter Sales,TUNAI
FAZZIO LUX,YMS BOJA 3S,Counter Sales,TUNAI
AEROX C CYBERCT,YMS BOJA 3S,Counter Sales,TUNAI
FILANO NEO,YMS SUKOREJO 2S,Counter Sales,TUNAI
NMAX 155 C,YMS BOJA 3S,Counter Sales,TUNAI
NMAX 155 ABS,YMS BOJA 3S,Counter Sales,TUNAI
R15M C-ABS WGP,YMS BOJA 3S,Counter Sales,TUNAI
NMAX 155,YMS BOJA 3S,Counter Sales,TUNAI
FILANO NEO,YMS BOJA 3S,Counter Sales,TUNAI
NMAX 155 C,YMS SUKOREJO 2S,Counter Sales,TUNAI
R15 CONNECTED,YMS BOJA 3S,Counter Sales,TUNAI
NMAX 155,YMS MAYONG 3S,Counter Sales,TUNAI
FILANO NEO,YMS MAYONG 3S,Counter Sales,TUNAI
NMAX 155 ABS,YMS MAYONG 3S,Counter Sales,TUNAI
MIO 125,YMS MAYONG 3S,Counter Sales,TUNAI
FAZZIO NEO,YMS MAYONG 3S,Counter Sales,TUNAI
NMAX 155 C,YMS PATI 3S,Counter Sales,TUNAI
NMAX 155,YMS TAYU 2S,Salesman,TUNAI
NMAX 155,YMS PATI 3S,Counter Sales,TUNAI
FILANO NEO,YMS TAYU 2S,Salesman,TUNAI
AEROX-C ABS,YMS PATI 3S,Counter Sales,TUNAI
FILANO NEO,YMS PATI 3S,Counter Sales,TUNAI
FILANO NEO,YMS TAYU 2S,Counter Sales,TUNAI
NMAX 155 C,YMS PATI 3S,Counter Sales,TUNAI
NMAX 155,YMS PATI 3S,Salesman,TUNAI
NMAX 155 C,YMS PATI 3S,Salesman,TUNAI
MX KING 150 NEW,YMS TAYU 2S,Salesman,TUNAI
NMAX 155 C,YMS PATI 3S,Salesman,TUNAI
NMAX 155,YMS PATI 3S,Counter Sales,TUNAI
FILANO NEO,YMS PATI 3S,Counter Sales,TUNAI
NMAX 155 C,YMS PATI 3S,Counter Sales,TUNAI
NMAX 155 C,YMS PATI 3S,Counter Sales,TUNAI
NMAX 155,YMS PATI 3S,Counter Sales,TUNAI
FILANO NEO,YMS PATI 3S,Counter Sales,TUNAI
NMAX 155,YMS PATI 3S,Counter Sales,TUNAI
NMAX 155 C,YMS PATI 3S,Counter Sales,TUNAI
AEROX C CYBERCT,YMS PATI 3S,Counter Sales,TUNAI
FAZZIO NEO,YMS PATI 3S,Salesman,TUNAI
NMAX 155 C,YMS PATI 3S,Counter Sales,TUNAI
NEW FINO SP 125,YMS PATI 3S,Counter Sales,TUNAI
FILANO NEO,YMS TAYU 2S,Counter Sales,TUNAI
FILANO NEO,YMS TAYU 2S,Counter Sales,TUNAI
FILANO NEO,YMS TAYU 2S,Salesman,TUNAI
FILANO NEO,YMS PATI 3S,Counter Sales,TUNAI
NMAX 155,YMS PATI 3S,Counter Sales,TUNAI
FILANO LUX,YMS PATI 3S,Counter Sales,TUNAI
FAZZIO NEO,YMS PATI 3S,Counter Sales,TUNAI
NMAX 155,YMS PATI 3S,Counter Sales,TUNAI
NMAX 155,YMS PATI 3S,Counter Sales,TUNAI
NMAX 155,YMS PATI 3S,Counter Sales,TUNAI
AEROX 155 C,YMS TAYU 2S,Counter Sales,TUNAI
FAZZIO LUX,YMS PATI 3S,Counter Sales,TUNAI
AEROX 155 C,YMS TAYU 2S,Salesman,TUNAI
FREEGO 125,YMS PATI 3S,Counter Sales,TUNAI
FAZZIO LUX,YMS JEPARA 3S,Counter Sales,TUNAI
FILANO NEO,YMS JEPARA 3S,Counter Sales,TUNAI
NMAX 155,YMS JEPARA 3S,Counter Sales,TUNAI
NMAX 155,YMS JEPARA 3S,Counter Sales,TUNAI
NMAX 155 C,YMS JEPARA 3S,Counter Sales,TUNAI
NMAX 155 C,YMS JEPARA 3S,Counter Sales,TUNAI
NMAX 155,YMS PURWODADI 3S,Salesman,TUNAI
NMAX 155,YMS KUWU 2S,Counter Sales,TUNAI
NMAX 155 C,PLJ WIROSARI,Salesman,TUNAI
NMAX 155 C,YMS PURWODADI 3S,Counter Sales,TUNAI
NMAX 155 C,YMS PURWODADI 3S,Salesman,TUNAI
MX KING 150 NEW,YMS PURWODADI 3S,Counter Sales,TUNAI
NMAX 155,YMS KUWU 2S,Counter Sales,TUNAI
AEROX-C ABS,YMS PURWODADI 3S,Counter Sales,TUNAI
AEROX 155 C,YMS PURWODADI 3S,Salesman,TUNAI
NMAX 155,YMS PURWODADI 3S,Salesman,TUNAI
WR 155 R,YMS PURWODADI 3S,Counter Sales,TUNAI
AEROX 155 C,YMS PURWODADI 3S,Salesman,TUNAI
XMAX C,PLJ WIROSARI,Salesman,TUNAI
NMAX 155,YMS KUWU 2S,Counter Sales,TUNAI
NMAX 155,YMS PURWODADI 3S,Salesman,TUNAI
FAZZIO LUX,PLJ WIROSARI,Counter Sales,TUNAI
FAZZIO LUX,YMS PURWODADI 3S,Salesman,TUNAI
NMAX 155,PLJ WIROSARI,Counter Sales,TUNAI
FAZZIO NEO,YMS DANYANG 2S,Counter Sales,TUNAI
NMAX 155 C,YMS DANYANG 2S,Counter Sales,TUNAI
MX KING 150 NEW,YMS KUWU 2S,Salesman,TUNAI
NMAX 155 C,YMS KUWU 2S,Counter Sales,TUNAI
NMAX 155,YMS PURWODADI 3S,Salesman,TUNAI
AEROX 155 C,YMS PURWODADI 3S,Salesman,TUNAI
AEROX C CYBERCT,YMS KUWU 2S,Counter Sales,TUNAI
NMAX 155,YMS KUWU 2S,Salesman,TUNAI
NMAX 155,YMS KUWU 2S,Counter Sales,TUNAI
MIO 125 CW,YMS PURWODADI 3S,Counter Sales,TUNAI
NMAX 155 C,YMS PURWODADI 3S,Salesman,TUNAI
AEROX 155 C,PLJ WIROSARI,Counter Sales,TUNAI
NMAX 155,YMS PURWODADI 3S,Salesman,TUNAI
NMAX 155 C,YMS KUWU 2S,Counter Sales,TUNAI
NMAX 155 C,YMS PURWODADI 3S,Salesman,TUNAI
NMAX 155 C,YMS PURWODADI 3S,Salesman,TUNAI
FILANO NEO,YMS BLORA 3S,Counter Sales,TUNAI
NMAX 155,YMS BLORA 3S,Counter Sales,TUNAI
NMAX 155 C,YMS BLORA 3S,Counter Sales,TUNAI
NMAX 155,YMS BLORA 3S,Counter Sales,TUNAI
AEROX C CYBERCT,YMS BLORA 3S,Counter Sales,TUNAI
WR 155 R,YMS BLORA 3S,Counter Sales,TUNAI
FILANO NEO,YMS BLORA 3S,Salesman,TUNAI
ALL NEW VIXION,YMS BLORA 3S,Counter Sales,TUNAI
NMAX 155 C,YMS BLORA 3S,Counter Sales,TUNAI
NMAX 155 C,YMS SESO 2S,Salesman,TUNAI
MX KING 150 NEW,YMS BLORA 3S,Counter Sales,TUNAI
JUPITER Z1CWFIN,YMS BLORA 3S,Counter Sales,TUNAI
XMAX C,YMS BLORA 3S,Counter Sales,TUNAI
FILANO LUX,YMS BLORA 3S,Counter Sales,TUNAI
NMAX 155,YMS BLORA 3S,Counter Sales,TUNAI
FILANO NEO,YMS BLORA 3S,Counter Sales,TUNAI
NMAX 155 C,YMS BLORA 3S,Counter Sales,TUNAI
NMAX 155 C,YMS BLORA 3S,Sales Channel,TUNAI
NMAX 155 C,YMS BLORA 3S,Counter Sales,TUNAI
NMAX 155,YMS BLORA 3S,Counter Sales,TUNAI
FILANO NEO,YMS BLORA 3S,Counter Sales,TUNAI
GEAR 125 S,YMS SESO 2S,Salesman,TUNAI
NMAX 155 C,YMS CEPU 3S,Counter Sales,TUNAI
AEROX C CYBERCT,YMS CEPU 3S,Counter Sales,TUNAI
AEROX 155 C,YMS CEPU 3S,Salesman,TUNAI
NMAX 155 C,YMS CEPU 3S,Counter Sales,TUNAI
NMAX 155 C,YMS CEPU 3S,Counter Sales,TUNAI
NMAX 155 C,YMS CEPU 3S,Counter Sales,TUNAI
NMAX 155,YMS CEPU 3S,Counter Sales,TUNAI
FREEGO 125,YMS CEPU 3S,Counter Sales,TUNAI
FAZZIO LUX,YMS CEPU 3S,Counter Sales,TUNAI
FILANO NEO,YMS CEPU 3S,Counter Sales,TUNAI
NMAX 155,YMS CEPU 3S,Counter Sales,TUNAI
FREEGO 125,YMS CEPU 3S,Counter Sales,TUNAI
FREEGO 125,YMS CEPU 3S,Salesman,TUNAI
ALL NEW XSR 155,YMS CEPU 3S,Counter Sales,TUNAI
FAZZIO NEO,YMS CEPU 3S,Counter Sales,TUNAI
NMAX 155,YMS CEPU 3S,Salesman,TUNAI
FILANO NEO,PLJ PANDANGAN,Salesman,TUNAI
NMAX 155 C,YMS REMBANG 3S,Counter Sales,TUNAI
NMAX 155 C,PLJ PANDANGAN,Salesman,TUNAI
NMAX 155,YMS REMBANG 3S,Counter Sales,TUNAI
NMAX 155,YMS REMBANG 3S,Counter Sales,TUNAI
FILANO NEO,PLJ PANDANGAN,Salesman,TUNAI
NMAX 155 C,PLJ PANDANGAN,Salesman,TUNAI
AEROX C CYBERCT,YMS REMBANG 3S,Counter Sales,TUNAI
NMAX 155,PLJ PAMOTAN,Counter Sales,TUNAI
NMAX 155,PLJ PAMOTAN,Salesman,TUNAI
NMAX 155,PLJ PANDANGAN,Salesman,TUNAI
AEROX 155 C,YMS REMBANG 3S,Counter Sales,TUNAI
FAZZIO LUX,YMS REMBANG 3S,Counter Sales,TUNAI
FILANO NEO,YMS REMBANG 3S,Counter Sales,TUNAI
FAZZIO NEO,YMS REMBANG 3S,Counter Sales,TUNAI
NMAX 155 ABS,YMS REMBANG 3S,Counter Sales,TUNAI
FAZZIO NEO,YMS BUGEL 3S,Counter Sales,TUNAI
NMAX 155 C,YMS BUGEL 3S,Counter Sales,TUNAI
FILANO NEO,YMS BUGEL 3S,Salesman,TUNAI
NMAX 155,YMS BUGEL 3S,Counter Sales,TUNAI
FAZZIO NEO,YMS BUGEL 3S,Salesman,TUNAI
AEROX C CYBERCT,YMS BUGEL 3S,Salesman,TUNAI
NMAX 155,YMS BUGEL 3S,Salesman,TUNAI
FILANO NEO,YMS 3S A YANI KUDUS,Salesman,TUNAI
NMAX 155,YMS 3S A YANI KUDUS,Counter Sales,TUNAI
FILANO LUX,YMS 3S A YANI KUDUS,Counter Sales,TUNAI
NMAX 155 C,YMS 3S A YANI KUDUS,Counter Sales,TUNAI
FILANO NEO,YMS 3S A YANI KUDUS,Counter Sales,TUNAI
FAZZIO NEO,YMS 3S A YANI KUDUS,Counter Sales,TUNAI
LEXI,YMS 3S A YANI KUDUS,Counter Sales,TUNAI
AEROX 155 C,YMS 3S A YANI KUDUS,Counter Sales,TUNAI
FILANO NEO,YMS 3S A YANI KUDUS,Counter Sales,TUNAI
AEROX-C ABS,YMS 3S A YANI KUDUS,Salesman,TUNAI
FILANO LUX,YMS 3S A YANI KUDUS,Counter Sales,TUNAI
FILANO LUX,YMS 3S A YANI KUDUS,Salesman,TUNAI
MX KING 150 NEW,2S NGEMBALREJO,Salesman,TUNAI
GEAR 125,YMS 3S A YANI KUDUS,Counter Sales,TUNAI
FAZZIO NEO,YMS 3S A YANI KUDUS,Counter Sales,TUNAI
NMAX 155,YMS 3S A YANI KUDUS,Salesman,TUNAI
FILANO NEO,YMS 3S A YANI KUDUS,Salesman,TUNAI
FAZZIO NEO,YMS 3S A YANI KUDUS,Counter Sales,TUNAI
FAZZIO NEO,YMS 3S A YANI KUDUS,Counter Sales,TUNAI
FAZZIO NEO,YMS 3S A YANI KUDUS,Counter Sales,TUNAI
FAZZIO NEO,YMS 3S A YANI KUDUS,Salesman,TUNAI
FILANO NEO,YMS 3S PRAMBATAN,Counter Sales,TUNAI
FILANO LUX,YMS 3S PRAMBATAN,Counter Sales,TUNAI
ALL NEW XSR 155,YMS 3S PRAMBATAN,Salesman,TUNAI
NMAX 155 C,YMS 3S PRAMBATAN,Counter Sales,TUNAI
NMAX 155 C,YMS 3S PRAMBATAN,Counter Sales,TUNAI
NMAX 155,YMS CILACAP 3S,Counter Sales,TUNAI
NMAX 155 ABS,YMS CILACAP 3S,Counter Sales,TUNAI
FILANO NEO,YMS CILACAP 3S,Salesman,TUNAI
FILANO LUX,YMS CILACAP 3S,Counter Sales,TUNAI
NMAX 155,YMS KROYA 2S,Salesman,TUNAI
NMAX 155 C,YMS CILACAP 3S,Counter Sales,TUNAI
NMAX 155 ABS,YMS CILACAP 3S,Counter Sales,TUNAI
FREEGO 125,YMS CILACAP 3S,Counter Sales,TUNAI
NMAX 155,YMS CILACAP 3S,Counter Sales,TUNAI
XMAX C,YMS CILACAP 3S,Counter Sales,TUNAI
AEROX C CYBERCT,YMS CILACAP 3S,Counter Sales,TUNAI
AEROX C CYBERCT,YMS KROYA 2S,Counter Sales,TUNAI
FILANO NEO,YMS CILACAP 3S,Counter Sales,TUNAI
NMAX 155,YMS CILACAP 3S,Counter Sales,TUNAI
GEAR 125,YMS CILACAP 3S,Counter Sales,TUNAI
FILANO NEO,YMS CILACAP 3S,Counter Sales,TUNAI
FILANO NEO,YMS CILACAP 3S,Counter Sales,TUNAI
FAZZIO NEO,YMS CILACAP 3S,Counter Sales,TUNAI
NMAX 155 ABS,YMS CILACAP 3S,Counter Sales,TUNAI
FILANO NEO,YMS CILACAP 3S,Counter Sales,TUNAI
NMAX 155,YMS CILACAP 3S,Counter Sales,TUNAI
NMAX 155,YMS KROYA 2S,Counter Sales,TUNAI
FILANO NEO,YMS CILACAP 3S,Counter Sales,TUNAI
NMAX 155,YMS CILACAP 3S,Counter Sales,TUNAI
NMAX 155 C,YMS CILACAP 3S,Salesman,TUNAI
NMAX 155,YMS CILACAP 3S,Salesman,TUNAI
NMAX 155,YMS KROYA 2S,Counter Sales,TUNAI
NMAX 155 C,YMS KROYA 2S,Counter Sales,TUNAI
NMAX 155 C,YMS CILACAP 3S,Counter Sales,TUNAI
NMAX 155,YMS CILACAP 3S,Counter Sales,TUNAI
GEAR 125,YMS AJIBARANG 3S,Counter Sales,TUNAI
MX KING 150 NEW,YMS AJIBARANG 3S,Salesman,TUNAI
FILANO NEO,YMS AJIBARANG 3S,Counter Sales,TUNAI
FREEGO 125,YMS AJIBARANG 3S,Counter Sales,TUNAI
JUPITER Z1CWFIN,YMS AJIBARANG 3S,Salesman,TUNAI
NMAX 155,YMS AJIBARANG 3S,Counter Sales,TUNAI
AEROX C CYBERCT,YMS AJIBARANG 3S,Counter Sales,TUNAI
NMAX 155,YMS AJIBARANG 3S,Salesman,TUNAI
AEROX 155 C,YMS AJIBARANG 3S,Counter Sales,TUNAI
GEAR 125 S,YMS AJIBARANG 3S,Counter Sales,TUNAI
NMAX 155 ABS,YMS PURBALINGGA 3S,Salesman,TUNAI
NMAX 155,YMS PURBALINGGA 3S,Counter Sales,TUNAI
MIO 125,YMS PURBALINGGA 3S,Counter Sales,TUNAI
FILANO NEO,YMS BOBOTSARI 2S,Counter Sales,TUNAI
R15M C-ABS,YMS BOBOTSARI 2S,Counter Sales,TUNAI
GEAR 125 S,YMS PURBALINGGA 3S,Counter Sales,TUNAI
AEROX C CYBERCT,YMS PURBALINGGA 3S,Counter Sales,TUNAI
NMAX 155 C,YMS PURBALINGGA 3S,Salesman,TUNAI
FAZZIO NEO,YMS PURBALINGGA 3S,Salesman,TUNAI
AEROX 155 C,YMS PURBALINGGA 3S,Salesman,TUNAI
NMAX 155,YMS PURBALINGGA 3S,Counter Sales,TUNAI
AEROX 155 C,YMS PURBALINGGA 3S,Counter Sales,TUNAI
FILANO LUX,YMS PURWOKERTO 3S,Counter Sales,TUNAI
FAZZIO NEO,YMS PURWOKERTO 3S,Counter Sales,TUNAI
NMAX 155 ABS,YMS PURWOKERTO 3S,Counter Sales,TUNAI
GEAR 125,YMS PURWOKERTO 3S,Counter Sales,TUNAI
NMAX 155,YMS PURWOKERTO 3S,Counter Sales,TUNAI
NMAX 155 C,YMS PURWOKERTO 3S,Counter Sales,TUNAI
FAZZIO NEO,YMS PURWOKERTO 3S,Counter Sales,TUNAI
MX KING 150 NEW,YMS PURWOKERTO 3S,Counter Sales,TUNAI
AEROX C CYBERCT,YMS PURWOKERTO 3S,Counter Sales,TUNAI
AEROX 155 C,YMS PURWOKERTO 3S,Counter Sales,TUNAI
FILANO NEO,YMS PURWOKERTO 3S,Counter Sales,TUNAI
AEROX 155 C,YMS PURWOKERTO 3S,Counter Sales,TUNAI
FREEGO 125,YMS PURWOKERTO 3S,Counter Sales,TUNAI
LEXI,YMS PURWOKERTO 3S,Counter Sales,TUNAI
AEROX C CYBERCT,YMS PURWOKERTO 3S,Counter Sales,TUNAI
NMAX 155,YMS PURWOKERTO 3S,Counter Sales,TUNAI
FAZZIO NEO,YMS PURWOKERTO 3S,Counter Sales,TUNAI
AEROX 155 C,YMS PURWOKERTO 3S,Counter Sales,TUNAI
AEROX-C ABS,YMS PURWOKERTO 3S,Counter Sales,TUNAI
FILANO NEO,YMS PURWOKERTO 3S,Counter Sales,TUNAI
JUPITER Z1CWFIN,YMS PURWOKERTO 3S,Counter Sales,TUNAI
FAZZIO LUX,YMS PURWOKERTO 3S,Counter Sales,TUNAI
FAZZIO NEO,YMS PURWOKERTO 3S,Counter Sales,TUNAI
NMAX 155,YMS PURWOKERTO 3S,Counter Sales,TUNAI
AEROX 155 C,YMS PURWOKERTO 3S,Counter Sales,TUNAI
FILANO NEO,YMS PURWOKERTO 3S,Counter Sales,TUNAI
FILANO NEO,YMS PURWOKERTO 3S,Counter Sales,TUNAI
FILANO LUX,YMS PURWOKERTO 3S,Counter Sales,TUNAI
AEROX 155 C,YMS PURWOKERTO 3S,Counter Sales,TUNAI
NMAX 155 ABS,YMS MAJENANG 3S,Salesman,TUNAI
NMAX 155,YMS MAJENANG 3S,Counter Sales,TUNAI
NMAX 155 C,YMS MAJENANG 3S,Counter Sales,TUNAI
AEROX 155 C,YMS MAJENANG 3S,Counter Sales,TUNAI
NMAX 155,YMS SIDAREJA 2S,Counter Sales,TUNAI
NMAX 155,YMS MAJENANG 3S,Counter Sales,TUNAI
WR 155 R,YMS MAJENANG 3S,Counter Sales,TUNAI
NMAX 155 C,YMS MAJENANG 3S,Counter Sales,TUNAI
NMAX 155 C,YMS SIDAREJA 2S,Counter Sales,TUNAI
AEROX C CYBERCT,YMS SIDAREJA 2S,Salesman,TUNAI
AEROX C CYBERCT,YMS MAJENANG 3S,Counter Sales,TUNAI
NMAX 155,YMS SIDAREJA 2S,Salesman,TUNAI
AEROX 155 C,YMS MAJENANG 3S,Counter Sales,TUNAI
AEROX-C ABS,YMS SIDAREJA 2S,Counter Sales,TUNAI
FAZZIO LUX,YMS SIDAREJA 2S,Counter Sales,TUNAI
NMAX 155 C,YMS SIDAREJA 2S,Counter Sales,TUNAI
NMAX 155,YMS MAJENANG 3S,Counter Sales,TUNAI
NMAX 155,YMS MAJENANG 3S,Salesman,TUNAI
AEROX 155 C,YMS MAJENANG 3S,Counter Sales,TUNAI
NMAX 155 C,YMS MAJENANG 3S,Counter Sales,TUNAI
NMAX 155,YMS MAJENANG 3S,Counter Sales,TUNAI
NMAX 155,YMS MAJENANG 3S,Salesman,TUNAI
AEROX 155 C,YMS MAJENANG 3S,Counter Sales,TUNAI
FILANO NEO,YMS MAJENANG 3S,Counter Sales,TUNAI
GEAR 125 S,YMS KALANGAN 2S,Salesman,LEASING
GEAR 125,YMS MAGELANG 3S,Salesman,LEASING
AEROX 155 C,YMS MAGELANG 3S,Salesman,LEASING
AEROX 155 C,YMS GRABAG 2S,Salesman,LEASING
LEXI,YMS MAGELANG 3S,Salesman,LEASING
AEROX 155 C,YMS MAGELANG 3S,Salesman,LEASING
NMAX 155,YMS MAGELANG 3S,Salesman,LEASING
AEROX 155 C,YMS GRABAG 2S,Salesman,LEASING
NMAX 155 C,YMS MAGELANG 3S,Salesman,LEASING
AEROX 155 C,YMS MAGELANG 3S,Salesman,LEASING
NMAX 155,YMS PURWOREJO 3S,Counter Sales,LEASING
GEAR 125,PLJ KALIBOTO,Salesman,LEASING
MX KING 150 NEW,YMS PURWOREJO 3S,Salesman,LEASING
AEROX 155 C,YMS PURWOREJO 3S,Salesman,LEASING
NMAX 155,PLJ KALIBOTO,Salesman,LEASING
AEROX 155 C,YMS PURWOREJO 3S,Salesman,LEASING
GEAR 125,PLJ KALIBOTO,Salesman,LEASING
GEAR 125,YMS KEBUMEN 3S,Counter Sales,LEASING
JUPITER Z1CWFIN,YMS PREMBUN 2S,Salesman,LEASING
NMAX 155,YMS PREMBUN 2S,Salesman,LEASING
NMAX 155,YMS KEBUMEN 3S,Counter Sales,LEASING
NMAX 155,YMS KEBUMEN 3S,Counter Sales,LEASING
FILANO NEO,YMS KEBUMEN 3S,Counter Sales,LEASING
NMAX 155,YMS KEBUMEN 3S,Salesman,LEASING
AEROX-C ABS,YMS KEBUMEN 3S,Salesman,LEASING
NMAX 155,YMS KEBUMEN 3S,Salesman,LEASING
NMAX 155 C,YMS KEBUMEN 3S,Counter Sales,LEASING
NMAX 155,YMS KEBUMEN 3S,Counter Sales,LEASING
MIO 125 CW,YMS KEBUMEN 3S,Counter Sales,LEASING
AEROX 155 C,YMS KEBUMEN 3S,Counter Sales,LEASING
MT 15,YMS KEBUMEN 3S,Counter Sales,LEASING
AEROX 155 C,YMS PREMBUN 2S,Salesman,LEASING
NMAX 155 C,YMS KEBUMEN 3S,Counter Sales,LEASING
NMAX 155,YMS KEBUMEN 3S,Counter Sales,LEASING
FILANO LUX,YMS KEBUMEN 3S,Counter Sales,LEASING
AEROX 155 C,YMS KEBUMEN 3S,Counter Sales,LEASING
FREEGO 125,YMS KEBUMEN 3S,Counter Sales,LEASING
NMAX 155,YMS WONOSOBO 3S,Salesman,LEASING
NMAX 155,YMS WONOSOBO 3S,Salesman,LEASING
NMAX 155 C,YMS WONOSOBO 3S,Counter Sales,LEASING
NMAX 155,YMS WONOSOBO 3S,Salesman,LEASING
AEROX C CYBERCT,YMS WONOSOBO 3S,Salesman,LEASING
NMAX 155,YMS WONOSOBO 3S,Salesman,LEASING
NMAX 155,YMS WONOSOBO 3S,Salesman,LEASING
NMAX 155,YMS WONOSOBO 3S,Salesman,LEASING
NMAX 155,YMS WONOSOBO 3S,Sales Channel,LEASING
NMAX 155,YMS WONOSOBO 3S,Salesman,LEASING
AEROX 155 C,YMS WONOSOBO 3S,Salesman,LEASING
AEROX C CYBERCT,YMS WONOSOBO 3S,Salesman,LEASING
AEROX C CYBERCT,YMS WONOSOBO 3S,Salesman,LEASING
NMAX 155 C,YMS WONOSOBO 3S,Counter Sales,LEASING
NMAX 155 C,YMS WONOSOBO 3S,Counter Sales,LEASING
ALL NEW XSR 155,YMS WONOSOBO 3S,Sales Channel,LEASING
NMAX 155,YMS WONOSOBO 3S,Counter Sales,LEASING
JUPITER Z1CWFIN,YMS TEMANGGUNG 3S,Salesman,LEASING
NMAX 155 C,PLJ PARAKAN,Salesman,LEASING
AEROX 155 C,PLJ PARAKAN,Salesman,LEASING
FILANO NEO,PLJ PARAKAN,Salesman,LEASING
AEROX C CYBERCT,YMS TEMANGGUNG 3S,Salesman,LEASING
NMAX 155,YMS TEMANGGUNG 3S,Counter Sales,LEASING
NMAX 155,YMS TEMANGGUNG 3S,Counter Sales,LEASING
FAZZIO NEO,PLJ PARAKAN,Salesman,LEASING
AEROX 155 C,YMS TEMANGGUNG 3S,Counter Sales,LEASING
NMAX 155,PLJ PARAKAN,Salesman,LEASING
FAZZIO NEO,PLJ PARAKAN,Salesman,LEASING
NMAX 155,PLJ PARAKAN,Salesman,LEASING
R15 CONNECTED,PLJ PARAKAN,Salesman,LEASING
GEAR 125,PLJ PARANGTRITIS,Salesman,LEASING
GEAR 125,PLJ PARANGTRITIS,Salesman,LEASING
FAZZIO NEO,YMS WATES 3S,Counter Sales,LEASING
NMAX 155,PLJ PARANGTRITIS,Salesman,LEASING
JUPITER Z1CWFIN,PLJ PARANGTRITIS,Salesman,TUNAI
NMAX 155 C,PLJ PARANGTRITIS,Salesman,LEASING
GEAR 125,PLJ PARANGTRITIS,Salesman,LEASING
AEROX 155 C,PLJ PARANGTRITIS,Salesman,LEASING
AEROX 155 C,PLJ PARANGTRITIS,Salesman,LEASING
GEAR 125,PLJ PARANGTRITIS,Salesman,LEASING
NMAX 155,YMS SANG AJI 3S,Salesman,LEASING
FILANO LUX,YMS SANG AJI 3S,Counter Sales,LEASING
FILANO NEO,YMS SANG AJI 3S,Counter Sales,LEASING
FAZZIO NEO,YMS SANG AJI 3S,Counter Sales,LEASING
FAZZIO NEO,YMS SANG AJI 3S,Counter Sales,LEASING
NMAX 155,YMS SANG AJI 3S,Counter Sales,LEASING
GEAR 125,YMS SANG AJI 3S,Salesman,LEASING
FREEGO 125,YMS SANG AJI 3S,Counter Sales,LEASING
AEROX-C ABS,YMS SANG AJI 3S,Counter Sales,LEASING
FREEGO 125,YMS SANG AJI 3S,Counter Sales,LEASING
FAZZIO LUX,YMS SANG AJI 3S,Counter Sales,LEASING
AEROX C CYBERCT,YMS SANG AJI 3S,Counter Sales,LEASING
NMAX 155,YMS SANG AJI 3S,Counter Sales,LEASING
NMAX 155,YMS SANG AJI 3S,Salesman,TUNAI
AEROX 155 C,YMS SANG AJI 3S,Salesman,TUNAI
FILANO LUX,YMS SANG AJI 3S,Counter Sales,LEASING
AEROX 155 C,YMS SANG AJI 3S,Counter Sales,LEASING
MIO 125 CW,YMS SANG AJI 3S,Salesman,TUNAI
FILANO NEO,YMS SANG AJI 3S,Counter Sales,LEASING
XMAX C,YMS SANG AJI 3S,Counter Sales,TUNAI
NMAX 155 C,YMS SANG AJI 3S,Counter Sales,TUNAI
MX KING 150 NEW,YMS SANG AJI 3S,Counter Sales,LEASING
XMAX C,YMS SANG AJI 3S,Counter Sales,TUNAI
NMAX 155,YMS WONOSARI 3S,Salesman,LEASING
MX KING 150 NEW,YMS WONOSARI 3S,Salesman,LEASING
FILANO NEO,YMS WONOSARI 3S,Counter Sales,LEASING
AEROX C CYBERCT,YMS WONOSARI 3S,Salesman,LEASING
MX KING 150 NEW,YMS WONOSARI 3S,Salesman,LEASING
NMAX 155,YMS WONOSARI 3S,Salesman,LEASING
AEROX 155 C,YMS WONOSARI 3S,Salesman,LEASING
JUPITER Z1CWFIN,YMS WONOSARI 3S,Salesman,LEASING
AEROX C CYBERCT,YMS KULON PROGO,Salesman,LEASING
GEAR 125,YMS KULON PROGO,Salesman,LEASING
AEROX 155 C,YMS KULON PROGO,Salesman,LEASING
FILANO NEO,YMS KULON PROGO,Salesman,LEASING
NMAX 155,YMS 3S KLATEN,Salesman,LEASING
GEAR 125,YMS 3S KLATEN,Salesman,LEASING
AEROX 155 C,YMS 3S KLATEN,Salesman,LEASING
AEROX 155 C,YMS 3S KLATEN,Salesman,LEASING
GEAR 125,PLJ JATINOM,Salesman,LEASING
AEROX 155 C,YMS 3S KLATEN,Salesman,LEASING
NMAX 155,YMS 3S KLATEN,Salesman,LEASING
NMAX 155,YMS 3S KLATEN,Salesman,LEASING
NMAX 155,3S MADIUN,Sales Channel,LEASING
NMAX 155 C,3S MADIUN,Sales Channel,LEASING
GEAR 125,3S MADIUN,Counter Sales,LEASING
GEAR 125,3S MADIUN,Sales Channel,LEASING
NMAX 155,3S MADIUN,Counter Sales,LEASING
AEROX C CYBERCT,3S MADIUN,Counter Sales,LEASING
NMAX 155,3S MADIUN,Counter Sales,LEASING
AEROX 155 C,3S MADIUN,Counter Sales,LEASING
GEAR 125,3S MAGETAN,Sales Channel,LEASING
NMAX 155,3S MAGETAN,Sales Channel,LEASING
AEROX C CYBERCT,3S MAGETAN,Salesman,LEASING
NMAX 155,3S MAGETAN,Sales Channel,LEASING
NMAX 155,3S MAGETAN,Sales Channel,LEASING
WR 155 R,3S MAGETAN,Sales Channel,LEASING
NMAX 155,3S MAGETAN,Sales Channel,LEASING
NMAX 155,3S MAGETAN,Sales Channel,LEASING
NMAX 155,3S MAGETAN,Sales Channel,LEASING
NMAX 155,3S MAGETAN,Sales Channel,LEASING
GEAR 125 S,3S MAGETAN,Sales Channel,LEASING
FILANO LUX,3S PONOROGO,Sales Channel,LEASING
MX KING 150 NEW,3S PONOROGO,Sales Channel,LEASING
NMAX 155 ABS,3S PONOROGO,Sales Channel,LEASING
AEROX 155 C,3S PONOROGO,Sales Channel,LEASING
NMAX 155 ABS,3S PONOROGO,Sales Channel,LEASING
NMAX 155,3S PONOROGO,Sales Channel,LEASING
VEGA FORCE DBCW,3S PONOROGO,Sales Channel,LEASING
NMAX 155,3S PONOROGO,Salesman,LEASING
FAZZIO NEO,3S PONOROGO,Sales Channel,LEASING
NMAX 155 C,3S PONOROGO,Sales Channel,LEASING
NMAX 155 C,3S PONOROGO,Sales Channel,LEASING
NMAX 155,3S PONOROGO,Sales Channel,LEASING
NMAX 155 C,3S PONOROGO,Sales Channel,LEASING
ALL NEW XSR 155,3S PONOROGO,Sales Channel,LEASING
NMAX 155,3S KEDIRI,Sales Channel,LEASING
NMAX 155 ABS,3S KEDIRI,Sales Channel,LEASING
GEAR 125,3S KEDIRI,Sales Channel,LEASING
FREEGO 125,3S KEDIRI,Sales Channel,LEASING
MIO 125 CW,3S NGADILUWIH,Sales Channel,LEASING
AEROX C CYBERCT,3S NGADILUWIH,Sales Channel,LEASING
GEAR 125,3S NGADILUWIH,Sales Channel,LEASING
X RIDE 125 NEW,3S BLITAR,Sales Channel,LEASING
AEROX C CYBERCT,3S BLITAR,Salesman,LEASING
NMAX 155 C,3S BLITAR,Salesman,LEASING
NMAX 155 C,3S BLITAR,Salesman,LEASING
FILANO NEO,3S TULUNGAGUNG,Sales Channel,LEASING
FILANO NEO,3S TULUNGAGUNG,Sales Channel,LEASING
ALL NEW VIXION,3S TULUNGAGUNG,Sales Channel,LEASING
NMAX 155,3S TULUNGAGUNG,Sales Channel,LEASING
ALL NEW XSR 155,3S TULUNGAGUNG,Sales Channel,LEASING
NMAX 155,3S TULUNGAGUNG,Sales Channel,LEASING
AEROX 155 C,3S TULUNGAGUNG,Sales Channel,LEASING
FILANO NEO,3S TULUNGAGUNG,Sales Channel,LEASING
NMAX 155,3S TULUNGAGUNG,Sales Channel,LEASING
NMAX 155,3S TULUNGAGUNG,Sales Channel,LEASING
NMAX 155,3S TULUNGAGUNG,Sales Channel,LEASING
NMAX 155,3S TULUNGAGUNG,Sales Channel,LEASING
NMAX 155,3S TULUNGAGUNG,Sales Channel,LEASING
FILANO NEO,3S TULUNGAGUNG,Salesman,LEASING
FAZZIO NEO,3S TULUNGAGUNG,Sales Channel,LEASING
NMAX 155 ABS,3S TULUNGAGUNG,Sales Channel,LEASING
NMAX 155,3S TULUNGAGUNG,Sales Channel,LEASING
AEROX 155 C,3S NGANJUK,Sales Channel,LEASING
GEAR 125 S,3S NGANJUK,Sales Channel,LEASING
MX KING 150 NEW,3S NGANJUK,Sales Channel,LEASING
NMAX 155 C,3S NGANJUK,Sales Channel,LEASING
NMAX 155,3S NGANJUK,Sales Channel,LEASING
NMAX 155 C,3S NGANJUK,Sales Channel,LEASING
NMAX 155,3S NGANJUK,Sales Channel,LEASING
NMAX 155,3S NGANJUK,Sales Channel,LEASING
NMAX 155,3S NGANJUK,Sales Channel,TUNAI
NMAX 155 C,3S NGANJUK,Sales Channel,LEASING
FREEGO 125,YMS 1S MT HARYONO,Counter Sales,LEASING
GEAR 125,YMS 1S MT HARYONO,Salesman,LEASING
NMAX 155,YMS 1S MT HARYONO,Sales Channel,LEASING
MX KING 150 NEW,YMS 1S MT HARYONO,Sales Channel,LEASING
NMAX 155 C,YMS 1S MT HARYONO,Counter Sales,TUNAI
JUPITER Z1CWFIN,YMS WAHIDIN 2S,Counter Sales,LEASING
FILANO NEO,YMS 1S MT HARYONO,Salesman,LEASING
ALL NEW VIXION,YMS 1S MT HARYONO,Counter Sales,LEASING
AEROX 155 C,YMS 1S MT HARYONO,Counter Sales,LEASING
AEROX 155 C,YMS 1S MT HARYONO,Counter Sales,LEASING
FILANO NEO,YMS 1S MT HARYONO,Counter Sales,LEASING
NMAX 155,YMS WAHIDIN 2S,Salesman,LEASING
GEAR 125 S,YMS 1S MT HARYONO,Counter Sales,LEASING
FILANO LUX,YMS 1S MT HARYONO,Counter Sales,LEASING
GEAR 125,YMS 1S MT HARYONO,Counter Sales,LEASING
GEAR 125 S,YMS 1S MT HARYONO,Counter Sales,LEASING
GEAR 125,YMS 1S MT HARYONO,Counter Sales,LEASING
NMAX 155,YMS WAHIDIN 2S,Salesman,LEASING
NMAX 155,YMS WAHIDIN 2S,Counter Sales,LEASING
FILANO LUX,YMS WAHIDIN 2S,Salesman,LEASING
FAZZIO LUX,YMS 1S MT HARYONO,Counter Sales,TUNAI
GEAR 125,YMS 1S MT HARYONO,Salesman,LEASING
NMAX 155,YMS 1S MT HARYONO,Counter Sales,TUNAI
NMAX 155 C,YMS 1S MT HARYONO,Counter Sales,LEASING
FILANO NEO,YMS 1S MT HARYONO,Counter Sales,TUNAI
GEAR 125,YMS WAHIDIN 2S,Salesman,LEASING
GEAR 125,YMS 1S MT HARYONO,Salesman,LEASING
NMAX 155,YMS 1S MT HARYONO,Counter Sales,TUNAI
FILANO LUX,YMS 1S MT HARYONO,Counter Sales,TUNAI
GEAR 125,YMS 1S MT HARYONO,Salesman,LEASING
FILANO NEO,YMS WAHIDIN 2S,Salesman,LEASING
AEROX C CYBERCT,YMS WAHIDIN 2S,Salesman,LEASING
AEROX C CYBERCT,YMS 1S MT HARYONO,Counter Sales,LEASING
MIO 125 CW,YMS 1S MT HARYONO,Sales Channel,LEASING
NMAX 155,YMS 1S MT HARYONO,Counter Sales,LEASING
FAZZIO LUX,YMS 1S MT HARYONO,Counter Sales,TUNAI
AEROX 155 C,YMS 1S MT HARYONO,Counter Sales,LEASING
NMAX 155,YMS WAHIDIN 2S,Salesman,LEASING
FAZZIO LUX,YMS WAHIDIN 2S,Salesman,LEASING
GEAR 125,YMS WAHIDIN 2S,Salesman,LEASING
MX KING 150 NEW,YMS 1S MT HARYONO,Salesman,LEASING
NMAX 155,YMS 1S MT HARYONO,Counter Sales,TUNAI
FREEGO 125,YMS WAHIDIN 2S,Salesman,LEASING
NMAX 155,YMS WAHIDIN 2S,Salesman,TUNAI
NMAX 155,YMS WAHIDIN 2S,Salesman,LEASING
NMAX 155,YMS WAHIDIN 2S,Salesman,LEASING
NMAX 155,YMS WAHIDIN 2S,Salesman,LEASING
FREEGO 125 C,YMS WAHIDIN 2S,Salesman,LEASING
GEAR 125 S,YMS 1S MT HARYONO,Counter Sales,LEASING
AEROX 155 C,YMS 1S MT HARYONO,Counter Sales,LEASING
NMAX 155,YMS 1S MT HARYONO,Sales Channel,LEASING
NMAX 155 ABS,YMS 1S MT HARYONO,Sales Channel,LEASING
MX KING 150 NEW,YMS 1S MT HARYONO,Sales Channel,LEASING
NMAX 155 C,YMS 1S MT HARYONO,Salesman,LEASING
GEAR 125,YMS 1S MT HARYONO,Sales Channel,LEASING
FILANO NEO,YMS 1S MT HARYONO,Counter Sales,TUNAI
FILANO LUX,YMS 1S MT HARYONO,Counter Sales,TUNAI
AEROX 155 C,YMS WAHIDIN 2S,Salesman,LEASING
AEROX 155 C,YMS 1S MT HARYONO,Sales Channel,LEASING
NMAX 155,YMS KALIWUNGU 3S,Counter Sales,TUNAI
NMAX 155,YMS CEPIRING 2S,Salesman,LEASING
NMAX 155,YMS CEPIRING 2S,Salesman,LEASING
FILANO NEO,YMS CEPIRING 2S,Salesman,LEASING
FILANO NEO,YMS CEPIRING 2S,Salesman,LEASING
NMAX 155,YMS CEPIRING 2S,Salesman,LEASING
AEROX 155 C,YMS KALIWUNGU 3S,Counter Sales,LEASING
NMAX 155 C,YMS KALIWUNGU 3S,Salesman,LEASING
FAZZIO NEO,YMS CEPIRING 2S,Salesman,LEASING
NMAX 155,YMS SETIABUDI,Counter Sales,LEASING
NMAX 155 C,YMS SETIABUDI,Salesman,LEASING
GEAR 125 S,YMS SETIABUDI,Counter Sales,LEASING
GEAR 125,YMS SETIABUDI,Salesman,LEASING
GEAR 125,YMS SETIABUDI,Salesman,LEASING
AEROX 155 C,YMS SETIABUDI,Salesman,LEASING
MIO 125,YMS SETIABUDI,Counter Sales,LEASING
WR 155 R,YMS SETIABUDI,Salesman,LEASING
NMAX 155 C,YMS SETIABUDI,Counter Sales,LEASING
FREEGO 125,YMS SETIABUDI,Counter Sales,LEASING
GEAR 125 S,YMS SETIABUDI,Counter Sales,LEASING
FREEGO 125,YMS SETIABUDI,Salesman,LEASING
GEAR 125 S,YMS SETIABUDI,Salesman,LEASING
GEAR 125 S,YMS SETIABUDI,Salesman,LEASING
GEAR 125 S,YMS SETIABUDI,Salesman,LEASING
NMAX 155 ABS,YMS SETIABUDI,Counter Sales,LEASING
NMAX 155 C,YMS SETIABUDI,Salesman,LEASING
FAZZIO LUX,YMS SETIABUDI,Salesman,TUNAI
GEAR 125 S,YMS SETIABUDI,Salesman,LEASING
GEAR 125 S,YMS SETIABUDI,Salesman,LEASING
GEAR 125,YMS SETIABUDI,Salesman,LEASING
NMAX 155 C,YMS SETIABUDI,Salesman,LEASING
ALL NEW XSR 155,YMS SETIABUDI,Counter Sales,TUNAI
NMAX 155,YMS KARANG TENGAH 2S,Salesman,LEASING
AEROX 155 C,YMS MRANGGEN 3S,Salesman,LEASING
NMAX 155 C,YMS DEMAK 2S,Salesman,LEASING
NMAX 155,YMS DEMAK 2S,Salesman,LEASING
AEROX 155 C,YMS DEMAK 2S,Salesman,LEASING
AEROX 155 C,YMS MRANGGEN 3S,Salesman,LEASING
AEROX C CYBERCT,YMS KARANG TENGAH 2S,Salesman,LEASING
NMAX 155,YMS KARANG TENGAH 2S,Salesman,LEASING
AEROX 155 C,YMS MRANGGEN 3S,Salesman,LEASING
NMAX 155,YMS DEMAK 2S,Salesman,LEASING
NMAX 155,YMS DEMAK 2S,Salesman,LEASING
NMAX 155 C,YMS MRANGGEN 3S,Salesman,LEASING
NMAX 155 C,YMS DEMAK 2S,Salesman,LEASING
NMAX 155 ABS,YMS DEMAK 2S,Salesman,LEASING
AEROX C CYBERCT,YMS MRANGGEN 3S,Salesman,LEASING
FILANO NEO,YMS DEMAK 2S,Salesman,LEASING
AEROX 155 C,YMS DEMAK 2S,Salesman,LEASING
FILANO LUX,YMS MRANGGEN 3S,Counter Sales,LEASING
AEROX 155 C,YMS MRANGGEN 3S,Salesman,LEASING
NMAX 155,YMS DEMAK 2S,Salesman,LEASING
FAZZIO NEO,YMS DEMAK 2S,Salesman,LEASING
AEROX 155 C,YMS MRANGGEN 3S,Salesman,LEASING
NMAX 155,YMS KARANG TENGAH 2S,Salesman,LEASING
NEW FINO PR 125,YMS DEMAK 2S,Salesman,LEASING
NMAX 155,YMS MRANGGEN 3S,Salesman,LEASING
FAZZIO LUX,YMS DEMAK 2S,Salesman,LEASING
NMAX 155 C,YMS MRANGGEN 3S,Salesman,LEASING
NMAX 155 C,YMS MRANGGEN 3S,Counter Sales,TUNAI
GEAR 125,YMS KARANG TENGAH 2S,Salesman,LEASING
AEROX 155 C,YMS KARANG TENGAH 2S,Salesman,LEASING
NMAX 155 C,YMS MRANGGEN 3S,Salesman,LEASING
FAZZIO NEO,YMS DEMAK 2S,Salesman,LEASING
NMAX 155,YMS DEMAK 2S,Counter Sales,LEASING
GEAR 125,PLJ SAMBIROTO,Salesman,LEASING
NEW FINO PR 125,YMS PEDURUNGAN 3S,Salesman,LEASING
FREEGO 125,YMS PEDURUNGAN 3S,Counter Sales,LEASING
GEAR 125 S,PLJ SAMBIROTO,Salesman,LEASING
NMAX 155,YMS PEDURUNGAN 3S,Salesman,LEASING
AEROX-C ABS,YMS PEDURUNGAN 3S,Counter Sales,LEASING
GEAR 125,YMS PEDURUNGAN 3S,Counter Sales,LEASING
GEAR 125,YMS PEDURUNGAN 3S,Salesman,LEASING
NMAX 155,PLJ SAMBIROTO,Salesman,LEASING
FREEGO 125,YMS PEDURUNGAN 3S,Counter Sales,LEASING
NMAX 155,YMS PEDURUNGAN 3S,Counter Sales,LEASING
AEROX C CYBERCT,PLJ SAMBIROTO,Salesman,LEASING
FILANO NEO,YMS PEDURUNGAN 3S,Counter Sales,TUNAI
NMAX 155,YMS PEDURUNGAN 3S,Salesman,LEASING
FREEGO 125,YMS PEDURUNGAN 3S,Salesman,TUNAI
NMAX 155,YMS PEDURUNGAN 3S,Salesman,LEASING
NMAX 155 C,YMS PEDURUNGAN 3S,Counter Sales,LEASING
NMAX 155 C,YMS PEDURUNGAN 3S,Counter Sales,LEASING
FILANO LUX,YMS PEDURUNGAN 3S,Salesman,LEASING
FREEGO 125,PLJ SAMBIROTO,Salesman,LEASING
NMAX 155,PLJ SAMBIROTO,Salesman,LEASING
GEAR 125,YMS PEDURUNGAN 3S,Salesman,LEASING
AEROX C CYBERCT,YMS PEDURUNGAN 3S,Counter Sales,LEASING
NMAX 155,YMS PEDURUNGAN 3S,Counter Sales,LEASING
NEW FINO GRANDE,YMS PEDURUNGAN 3S,Counter Sales,LEASING
AEROX 155 C,YMS PEDURUNGAN 3S,Counter Sales,LEASING
NMAX 155 C,YMS PEDURUNGAN 3S,Counter Sales,LEASING
GEAR 125,YMS PEDURUNGAN 3S,Counter Sales,LEASING
GEAR 125 S,YMS PEDURUNGAN 3S,Sales Channel,LEASING
GEAR 125 S,YMS PEDURUNGAN 3S,Salesman,LEASING
AEROX 155 C,YMS PEDURUNGAN 3S,Counter Sales,LEASING
FAZZIO NEO,PLJ SAMBIROTO,Salesman,LEASING
NMAX 155,YMS PEDURUNGAN 3S,Salesman,LEASING
GEAR 125 S,YMS PEDURUNGAN 3S,Counter Sales,LEASING
NMAX 155,YMS PEDURUNGAN 3S,Salesman,LEASING
GEAR 125 S,YMS PEDURUNGAN 3S,Salesman,LEASING
JUPITER Z1CWFIN,YMS PEDURUNGAN 3S,Counter Sales,LEASING
GEAR 125 S,YMS PEDURUNGAN 3S,Salesman,LEASING
FREEGO 125,PLJ SAMBIROTO,Salesman,LEASING
AEROX 155 C,YMS PEDURUNGAN 3S,Counter Sales,LEASING
NMAX 155,PLJ SAMBIROTO,Salesman,LEASING
AEROX 155 C,YMS PEDURUNGAN 3S,Salesman,LEASING
NMAX 155,YMS PEDURUNGAN 3S,Salesman,LEASING
JUPITER Z1CWFIN,PLJ SAMBIROTO,Salesman,LEASING
FILANO NEO,YMS BULU 3S,Counter Sales,TUNAI
NMAX 155 C,YMS BULU 3S,Counter Sales,TUNAI
FREEGO 125,YMS BULU 3S,Counter Sales,TUNAI
FAZZIO NEO,YMS BULU 3S,Counter Sales,TUNAI
NMAX 155,YMS BULU 3S,Salesman,LEASING
AEROX 155 C,YMS MIJEN 2S,Salesman,LEASING
NMAX 155,YMS MIJEN 2S,Counter Sales,LEASING
FREEGO 125,YMS BULU 3S,Counter Sales,TUNAI
AEROX 155 C,YMS MIJEN 2S,Salesman,LEASING
MT 15,YMS MIJEN 2S,Counter Sales,LEASING
FILANO NEO,YMS BULU 3S,Counter Sales,LEASING
GEAR 125,YMS MIJEN 2S,Counter Sales,LEASING
WR 155 R,YMS BULU 3S,Salesman,LEASING
WR 155 R,YMS BULU 3S,Salesman,LEASING
NMAX 155,YMS BULU 3S,Counter Sales,TUNAI
GEAR 125,YMS BULU 3S,Counter Sales,LEASING
GEAR 125,YMS MIJEN 2S,Counter Sales,LEASING
GEAR 125,YMS MIJEN 2S,Counter Sales,LEASING
GEAR 125 S,YMS BULU 3S,Salesman,LEASING
NMAX 155 C,YMS MIJEN 2S,Salesman,LEASING
NMAX 155,PLJ NGALIYAN,Counter Sales,LEASING
FAZZIO NEO,YMS BULU 3S,Counter Sales,TUNAI
FILANO LUX,YMS BULU 3S,Salesman,TUNAI
JUPITER Z1CWFIN,YMS BULU 3S,Counter Sales,TUNAI
MX KING 150 NEW,PLJ NGALIYAN,Counter Sales,LEASING
FAZZIO NEO,YMS BULU 3S,Salesman,LEASING
NMAX 155 C,YMS BULU 3S,Counter Sales,LEASING
GEAR 125 S,YMS BULU 3S,Salesman,LEASING
FREEGO 125,YMS BULU 3S,Salesman,LEASING
NMAX 155 C,YMS BULU 3S,Counter Sales,TUNAI
NMAX 155 C,YMS BULU 3S,Counter Sales,TUNAI
NMAX 155,YMS BULU 3S,Counter Sales,TUNAI
ALL NEW XSR 155,YMS MIJEN 2S,Salesman,LEASING
FREEGO 125,YMS BULU 3S,Counter Sales,TUNAI
GEAR 125 S,YMS BULU 3S,Salesman,LEASING
FAZZIO NEO,YMS BULU 3S,Counter Sales,LEASING
GEAR 125 S,YMS BULU 3S,Counter Sales,LEASING
FILANO NEO,YMS BULU 3S,Counter Sales,TUNAI
AEROX C CYBERCT,YMS BULU 3S,Counter Sales,TUNAI
NMAX 155 C,YMS MIJEN 2S,Counter Sales,LEASING
GEAR 125,YMS MIJEN 2S,Counter Sales,LEASING
NMAX 155,YMS BULU 3S,Counter Sales,TUNAI
AEROX 155 C,YMS MIJEN 2S,Salesman,LEASING
FAZZIO NEO,YMS MIJEN 2S,Salesman,LEASING
NMAX 155 C,YMS MIJEN 2S,Salesman,LEASING
NMAX 155 ABS,MATARAM SAKTI BAWEN,Sales Channel,TUNAI
WR 155 R,MATARAM SAKTI BAWEN,Salesman,LEASING
GEAR 125 S,MATARAM SAKTI BAWEN,Salesman,LEASING
MX KING 150 NEW,MATARAM SAKTI BAWEN,Sales Channel,LEASING
NMAX 155 C,MATARAM SAKTI BAWEN,Counter Sales,LEASING
GEAR 125 S,MATARAM SAKTI BAWEN,Salesman,LEASING
MIO 125 CW,MATARAM SAKTI BAWEN,Counter Sales,TUNAI
AEROX 155 C,MATARAM SAKTI BAWEN,Counter Sales,LEASING
FAZZIO NEO,MATARAM SAKTI BAWEN,Counter Sales,TUNAI
NMAX 155,MATARAM SAKTI BAWEN,Salesman,LEASING
AEROX C CYBERCT,MATARAM SAKTI BAWEN,Salesman,LEASING
MX KING 150 NEW,MATARAM SAKTI BAWEN,Sales Channel,LEASING
NMAX 155 C,MATARAM SAKTI BAWEN,Counter Sales,TUNAI
NMAX 155,MATARAM SAKTI BAWEN,Salesman,LEASING
NMAX 155,MATARAM SAKTI BAWEN,Salesman,LEASING
NMAX 155 C,MATARAM SAKTI BAWEN,Salesman,LEASING
WR 155 R,MATARAM SAKTI BAWEN,Sales Channel,TUNAI
GEAR 125,MATARAM SAKTI BAWEN,Salesman,LEASING
ALL NEW VIXION,MATARAM SAKTI BAWEN,Salesman,LEASING
NMAX 155,MATARAM SAKTI BAWEN,Salesman,LEASING
NMAX 155 C,MATARAM SAKTI BAWEN,Counter Sales,TUNAI
NMAX 155 C,MATARAM SAKTI BAWEN,Salesman,LEASING
NMAX 155 ABS,MATARAM SAKTI BAWEN,Salesman,LEASING
AEROX 155 C,MATARAM SAKTI BAWEN,Counter Sales,TUNAI
NMAX 155,YMS SUKOREJO 2S,Salesman,LEASING
NMAX 155,YMS BOJA 3S,Counter Sales,LEASING
R15 CONNECTED,YMS BOJA 3S,Salesman,LEASING
NMAX 155 C,YMS BOJA 3S,Counter Sales,LEASING
AEROX 155 C,YMS BOJA 3S,Salesman,LEASING
AEROX 155 C,YMS SUKOREJO 2S,Salesman,LEASING
NMAX 155,YMS BOJA 3S,Counter Sales,LEASING
NMAX 155,YMS BOJA 3S,Salesman,LEASING
AEROX C CYBERCT,YMS BOJA 3S,Counter Sales,LEASING
FAZZIO NEO,YMS SUKOREJO 2S,Counter Sales,LEASING
FILANO NEO,YMS BOJA 3S,Salesman,LEASING
NMAX 155,YMS BOJA 3S,Sales Channel,LEASING
GEAR 125,YMS BOJA 3S,Counter Sales,LEASING
FAZZIO NEO,YMS SUKOREJO 2S,Salesman,LEASING
FAZZIO NEO,YMS BOJA 3S,Salesman,LEASING
FREEGO 125,YMS BOJA 3S,Counter Sales,LEASING
NMAX 155 C,YMS BOJA 3S,Counter Sales,LEASING
WR 155 R,YMS SUKOREJO 2S,Counter Sales,LEASING
NMAX 155,YMS BOJA 3S,Counter Sales,LEASING
AEROX 155 C,PLJ WELAHAN,Salesman,LEASING
NMAX 155,PLJ WELAHAN,Counter Sales,LEASING
NMAX 155,PLJ WELAHAN,Counter Sales,LEASING
NMAX 155,YMS PATI 3S,Counter Sales,LEASING
GEAR 125,YMS PATI 3S,Salesman,LEASING
NMAX 155,YMS PATI 3S,Counter Sales,LEASING
NMAX 155 C,YMS PATI 3S,Salesman,LEASING
FAZZIO NEO,YMS TAYU 2S,Salesman,LEASING
NMAX 155 C,YMS PATI 3S,Counter Sales,LEASING
NMAX 155 C,YMS PATI 3S,Counter Sales,TUNAI
MX KING 150 NEW,YMS PATI 3S,Counter Sales,LEASING
NMAX 155,YMS PATI 3S,Salesman,LEASING
NMAX 155,YMS TAYU 2S,Salesman,LEASING
NMAX 155,YMS PATI 3S,Counter Sales,LEASING
FILANO NEO,YMS TAYU 2S,Salesman,LEASING
FILANO NEO,YMS PATI 3S,Counter Sales,LEASING
NMAX 155,YMS TAYU 2S,Salesman,LEASING
FAZZIO NEO,YMS TAYU 2S,Salesman,LEASING
XMAX C,YMS PATI 3S,Counter Sales,LEASING
NMAX 155,YMS PATI 3S,Counter Sales,LEASING
NMAX 155,YMS PATI 3S,Salesman,LEASING
FAZZIO NEO,YMS TAYU 2S,Salesman,LEASING
ALL NEW XSR 155,YMS PATI 3S,Counter Sales,LEASING
FAZZIO NEO,YMS TAYU 2S,Salesman,LEASING
FILANO NEO,YMS TAYU 2S,Salesman,LEASING
R15 CONNECTED,YMS PATI 3S,Counter Sales,LEASING
FILANO NEO,YMS PATI 3S,Counter Sales,LEASING
NEW FINO SP 125,YMS TAYU 2S,Salesman,LEASING
GEAR 125 S,YMS TAYU 2S,Salesman,LEASING
NMAX 155,YMS TAYU 2S,Salesman,LEASING
AEROX 155 C,YMS TAYU 2S,Salesman,LEASING
FILANO LUX,YMS PATI 3S,Counter Sales,LEASING
AEROX 155 C,PLJ JUWANA,Salesman,LEASING
FILANO NEO,YMS TAYU 2S,Salesman,LEASING
FREEGO 125,YMS TAYU 2S,Salesman,LEASING
FAZZIO NEO,YMS PATI 3S,Salesman,LEASING
FILANO NEO,YMS PATI 3S,Counter Sales,TUNAI
GEAR 125,YMS PATI 3S,Salesman,LEASING
FAZZIO NEO,YMS TAYU 2S,Salesman,LEASING
FAZZIO NEO,YMS PATI 3S,Counter Sales,LEASING
NMAX 155,YMS PATI 3S,Counter Sales,LEASING
NMAX 155,YMS JEPARA 3S,Salesman,LEASING
AEROX 155 C,YMS JEPARA 3S,Counter Sales,LEASING
NEW FINO GRANDE,YMS JEPARA 3S,Counter Sales,LEASING
NMAX 155 C,YMS JEPARA 3S,Salesman,LEASING
AEROX 155 C,YMS JEPARA 3S,Counter Sales,LEASING
NMAX 155,YMS JEPARA 3S,Salesman,LEASING
NMAX 155,YMS JEPARA 3S,Counter Sales,LEASING
NMAX 155,YMS JEPARA 3S,Salesman,LEASING
NMAX 155,YMS JEPARA 3S,Counter Sales,LEASING
NMAX 155,YMS JEPARA 3S,Salesman,LEASING
NMAX 155,YMS JEPARA 3S,Counter Sales,LEASING
FILANO NEO,YMS DANYANG 2S,Salesman,LEASING
NMAX 155,YMS PURWODADI 3S,Salesman,LEASING
NMAX 155,YMS PURWODADI 3S,Salesman,LEASING
NMAX 155,PLJ WIROSARI,Salesman,LEASING
NMAX 155 C,PLJ WIROSARI,Salesman,LEASING
NMAX 155,YMS PURWODADI 3S,Counter Sales,LEASING
NMAX 155,PLJ WIROSARI,Salesman,LEASING
NMAX 155,YMS PURWODADI 3S,Salesman,LEASING
NMAX 155,YMS PURWODADI 3S,Salesman,LEASING
NMAX 155 C,PLJ WIROSARI,Salesman,LEASING
NMAX 155,YMS KUWU 2S,Salesman,LEASING
NMAX 155 ABS,YMS PURWODADI 3S,Salesman,LEASING
NMAX 155,YMS KUWU 2S,Counter Sales,LEASING
NMAX 155,YMS PURWODADI 3S,Salesman,LEASING
NMAX 155,YMS DANYANG 2S,Counter Sales,LEASING
NMAX 155,PLJ WIROSARI,Salesman,LEASING
AEROX 155 C,PLJ WIROSARI,Salesman,LEASING
NMAX 155,YMS PURWODADI 3S,Salesman,LEASING
NMAX 155 C,YMS PURWODADI 3S,Salesman,LEASING
NMAX 155,YMS PURWODADI 3S,Salesman,LEASING
NMAX 155,YMS PURWODADI 3S,Counter Sales,LEASING
NMAX 155 C,YMS PURWODADI 3S,Salesman,LEASING
NMAX 155,YMS PURWODADI 3S,Salesman,LEASING
NMAX 155,YMS KUWU 2S,Salesman,LEASING
NMAX 155,PLJ WIROSARI,Salesman,LEASING
NMAX 155,PLJ WIROSARI,Salesman,LEASING
NMAX 155,PLJ WIROSARI,Salesman,LEASING
NMAX 155,YMS PURWODADI 3S,Counter Sales,LEASING
NMAX 155 C,YMS PURWODADI 3S,Salesman,LEASING
NMAX 155,YMS DANYANG 2S,Counter Sales,LEASING
AEROX 155 C,PLJ WIROSARI,Salesman,LEASING
NMAX 155 C,PLJ WIROSARI,Salesman,LEASING
NMAX 155,YMS PURWODADI 3S,Salesman,LEASING
NMAX 155 C,PLJ WIROSARI,Counter Sales,LEASING
GEAR 125,YMS KUNDURAN 2S,Counter Sales,LEASING
FAZZIO NEO,YMS SESO 2S,Counter Sales,LEASING
R15 CONNECTED,YMS BLORA 3S,Sales Channel,LEASING
NMAX 155,YMS SESO 2S,Salesman,LEASING
NMAX 155,YMS SESO 2S,Salesman,LEASING
FILANO LUX,YMS BLORA 3S,Salesman,LEASING
AEROX C CYBERCT,YMS BLORA 3S,Salesman,LEASING
NMAX 155,YMS BLORA 3S,Counter Sales,LEASING
NMAX 155,YMS SESO 2S,Counter Sales,LEASING
FILANO LUX,YMS BLORA 3S,Salesman,LEASING
FAZZIO NEO,YMS BLORA 3S,Salesman,LEASING
NMAX 155,YMS SESO 2S,Salesman,LEASING
NMAX 155,YMS SESO 2S,Salesman,LEASING
NMAX 155 C,YMS BLORA 3S,Counter Sales,LEASING
WR 155 R,YMS BLORA 3S,Counter Sales,LEASING
FAZZIO NEO,YMS BLORA 3S,Salesman,LEASING
FAZZIO NEO,YMS BLORA 3S,Salesman,LEASING
NMAX 155 C,YMS BLORA 3S,Counter Sales,LEASING
NMAX 155,YMS BLORA 3S,Counter Sales,LEASING
FAZZIO NEO,YMS CEPU 3S,Salesman,LEASING
NMAX 155,YMS CEPU 3S,Salesman,LEASING
FAZZIO NEO,YMS CEPU 3S,Counter Sales,LEASING
GEAR 125,YMS CEPU 3S,Counter Sales,LEASING
FAZZIO NEO,YMS CEPU 3S,Sales Channel,LEASING
NMAX 155,YMS CEPU 3S,Counter Sales,LEASING
GEAR 125 S,YMS CEPU 3S,Counter Sales,LEASING
FAZZIO NEO,YMS CEPU 3S,Salesman,LEASING
NMAX 155 C,YMS CEPU 3S,Counter Sales,LEASING
AEROX 155 C,YMS CEPU 3S,Salesman,LEASING
FILANO NEO,YMS CEPU 3S,Salesman,LEASING
NMAX 155,YMS CEPU 3S,Counter Sales,LEASING
FILANO LUX,YMS CEPU 3S,Salesman,LEASING
GEAR 125,YMS REMBANG 3S,Counter Sales,LEASING
FAZZIO NEO,PLJ PANDANGAN,Salesman,LEASING
NMAX 155,YMS REMBANG 3S,Salesman,LEASING
NMAX 155,PLJ PAMOTAN,Counter Sales,LEASING
NMAX 155,YMS REMBANG 3S,Salesman,LEASING
NMAX 155,PLJ PANDANGAN,Counter Sales,LEASING
FILANO NEO,YMS REMBANG 3S,Counter Sales,LEASING
NMAX 155 C,PLJ PANDANGAN,Salesman,LEASING
GEAR 125,YMS REMBANG 3S,Counter Sales,LEASING
NMAX 155 C,PLJ PANDANGAN,Salesman,LEASING
NMAX 155,YMS REMBANG 3S,Counter Sales,LEASING
JUPITER Z1CWFIN,YMS REMBANG 3S,Counter Sales,LEASING
NMAX 155,PLJ PANDANGAN,Salesman,LEASING
NMAX 155,PLJ PAMOTAN,Salesman,LEASING
AEROX 155 C,YMS BUGEL 3S,Salesman,LEASING
FILANO NEO,YMS BUGEL 3S,Counter Sales,LEASING
NMAX 155 ABS,YMS BUGEL 3S,Counter Sales,LEASING
NMAX 155 C,PLJ KARANG RAYUNG,Salesman,LEASING
FREEGO 125,YMS BUGEL 3S,Salesman,LEASING
NMAX 155 C,YMS BUGEL 3S,Salesman,LEASING
NMAX 155,YMS BUGEL 3S,Salesman,LEASING
NMAX 155,YMS BUGEL 3S,Counter Sales,LEASING
NMAX 155,YMS BUGEL 3S,Salesman,LEASING
XMAX C,YMS BUGEL 3S,Salesman,LEASING
NMAX 155,YMS BUGEL 3S,Salesman,LEASING
NMAX 155 C,YMS BANGSRI 3S,Salesman,LEASING
FAZZIO NEO,YMS BANGSRI 3S,Salesman,LEASING
NMAX 155,YMS BANGSRI 3S,Salesman,LEASING
WR 155 R,YMS BANGSRI 3S,Salesman,TUNAI
NMAX 155 C,YMS BANGSRI 3S,Salesman,LEASING
MX KING 150 NEW,YMS BANGSRI 3S,Salesman,LEASING
NMAX 155,PLJ SUNAN KUDUS,Salesman,LEASING
NMAX 155 C,YMS 3S A YANI KUDUS,Counter Sales,LEASING
AEROX C CYBERCT,2S NGEMBALREJO,Salesman,LEASING
FILANO NEO,YMS 3S A YANI KUDUS,Counter Sales,LEASING
FAZZIO NEO,YMS 3S A YANI KUDUS,Counter Sales,LEASING
NMAX 155 C,YMS 3S A YANI KUDUS,Counter Sales,LEASING
MIO 125,YMS 3S A YANI KUDUS,Salesman,LEASING
FREEGO 125,PLJ SUNAN KUDUS,Salesman,LEASING
NMAX 155,YMS 3S A YANI KUDUS,Salesman,LEASING
NMAX 155 C,YMS 3S A YANI KUDUS,Salesman,LEASING
MIO 125 CW,YMS 3S A YANI KUDUS,Salesman,LEASING
R15 CONNECTED,2S NGEMBALREJO,Salesman,LEASING
FILANO NEO,2S NGEMBALREJO,Salesman,LEASING
NMAX 155,2S NGEMBALREJO,Counter Sales,LEASING
AEROX C CYBERCT,YMS 3S A YANI KUDUS,Counter Sales,LEASING
AEROX C CYBERCT,2S NGEMBALREJO,Salesman,LEASING
GEAR 125,YMS 3S A YANI KUDUS,Counter Sales,LEASING
FREEGO 125,2S NGEMBALREJO,Salesman,TUNAI
GEAR 125,2S NGEMBALREJO,Salesman,LEASING
NMAX 155,2S NGEMBALREJO,Salesman,LEASING
NMAX 155 C,PLJ SUNAN KUDUS,Salesman,LEASING
NMAX 155 C,YMS 3S A YANI KUDUS,Salesman,LEASING
FAZZIO NEO,2S NGEMBALREJO,Salesman,LEASING
FILANO NEO,YMS 3S A YANI KUDUS,Counter Sales,TUNAI
GEAR 125 S,2S NGEMBALREJO,Salesman,LEASING
AEROX 155 C,YMS 3S A YANI KUDUS,Counter Sales,LEASING
NMAX 155 C,2S NGEMBALREJO,Salesman,LEASING
FAZZIO NEO,YMS 3S A YANI KUDUS,Counter Sales,LEASING
NMAX 155,YMS 3S A YANI KUDUS,Salesman,LEASING
NEW FINO PR 125,YMS 3S A YANI KUDUS,Counter Sales,LEASING
FAZZIO LUX,PLJ SUNAN KUDUS,Salesman,LEASING
NMAX 155 C,YMS 3S A YANI KUDUS,Salesman,LEASING
FREEGO 125,2S NGEMBALREJO,Salesman,LEASING
GEAR 125,YMS 3S PRAMBATAN,Salesman,LEASING
NMAX 155,YMS 3S PRAMBATAN,Counter Sales,LEASING
AEROX 155 C,YMS 3S PRAMBATAN,Salesman,LEASING
AEROX 155 C,YMS 3S PRAMBATAN,Salesman,LEASING
NMAX 155,YMS 3S PRAMBATAN,Salesman,LEASING
AEROX C CYBERCT,YMS 3S PRAMBATAN,Counter Sales,LEASING
AEROX 155 C,YMS 3S PRAMBATAN,Salesman,LEASING
NMAX 155,YMS 3S PRAMBATAN,Salesman,LEASING
FAZZIO NEO,YMS 3S PRAMBATAN,Salesman,LEASING
FREEGO 125,YMS 3S PRAMBATAN,Salesman,LEASING
FREEGO 125,YMS 3S PRAMBATAN,Salesman,LEASING
FAZZIO NEO,YMS 3S PRAMBATAN,Salesman,LEASING
NMAX 155,YMS 3S PRAMBATAN,Salesman,LEASING
NMAX 155,YMS 3S PRAMBATAN,Salesman,LEASING
GEAR 125,YMS 3S PRAMBATAN,Salesman,LEASING
FAZZIO NEO,YMS 3S PRAMBATAN,Salesman,LEASING
GEAR 125,YMS CILACAP 3S,Counter Sales,LEASING
FREEGO 125,YMS CILACAP 3S,Salesman,LEASING
AEROX 155 C,YMS KROYA 2S,Counter Sales,LEASING
AEROX C CYBERCT,YMS CILACAP 3S,Salesman,LEASING
AEROX 155 C,YMS KROYA 2S,Counter Sales,LEASING
FILANO LUX,YMS CILACAP 3S,Salesman,LEASING
FREEGO 125,YMS CILACAP 3S,Salesman,LEASING
GEAR 125,YMS CILACAP 3S,Counter Sales,LEASING
NMAX 155 C,YMS AJIBARANG 3S,Counter Sales,LEASING
AEROX 155 C,YMS AJIBARANG 3S,Counter Sales,LEASING
MIO 125,YMS AJIBARANG 3S,Salesman,LEASING
FILANO LUX,YMS AJIBARANG 3S,Salesman,LEASING
FAZZIO LUX,YMS PURBALINGGA 3S,Salesman,LEASING
NMAX 155 C,YMS BOBOTSARI 2S,Salesman,LEASING
AEROX 155 C,YMS BOBOTSARI 2S,Salesman,LEASING
AEROX 155 C,YMS BOBOTSARI 2S,Salesman,LEASING
NMAX 155,YMS PURBALINGGA 3S,Counter Sales,LEASING
NMAX 155,YMS BOBOTSARI 2S,Salesman,LEASING
NMAX 155 C,YMS PURBALINGGA 3S,Counter Sales,LEASING
FREEGO 125,YMS PURBALINGGA 3S,Salesman,LEASING
NMAX 155 C,YMS PURWOKERTO 3S,Salesman,LEASING
FAZZIO NEO,YMS PURWOKERTO 3S,Salesman,LEASING
NMAX 155,YMS PURWOKERTO 3S,Salesman,LEASING
NMAX 155,YMS PURWOKERTO 3S,Counter Sales,LEASING
AEROX 155 C,YMS PURWOKERTO 3S,Salesman,LEASING
NMAX 155,YMS PURWOKERTO 3S,Counter Sales,LEASING
NMAX 155,YMS PURWOKERTO 3S,Counter Sales,LEASING
FAZZIO LUX,YMS PURWOKERTO 3S,Counter Sales,LEASING
FAZZIO NEO,YMS PURWOKERTO 3S,Counter Sales,LEASING
FILANO NEO,YMS PURWOKERTO 3S,Counter Sales,LEASING
AEROX C CYBERCT,YMS PURWOKERTO 3S,Salesman,LEASING
XMAX C,YMS PURWOKERTO 3S,Salesman,LEASING
AEROX 155 C,YMS PURWOKERTO 3S,Salesman,LEASING
AEROX C CYBERCT,YMS PURWOKERTO 3S,Salesman,LEASING
FAZZIO NEO,YMS PURWOKERTO 3S,Counter Sales,LEASING
NMAX 155,YMS PURWOKERTO 3S,Salesman,LEASING
AEROX 155 C,YMS PURWOKERTO 3S,Salesman,LEASING
AEROX 155 C,YMS MAJENANG 3S,Counter Sales,LEASING
NMAX 155,YMS MAJENANG 3S,Salesman,LEASING
FREEGO 125,YMS MAJENANG 3S,Counter Sales,LEASING
GEAR 125 S,YMS MAJENANG 3S,Counter Sales,LEASING
AEROX C CYBERCT,YMS MAJENANG 3S,Counter Sales,LEASING
NMAX 155,YMS MAJENANG 3S,Counter Sales,LEASING
NMAX 155,YMS MAJENANG 3S,Counter Sales,LEASING
NMAX 155 C,YMS MAJENANG 3S,Counter Sales,LEASING
NMAX 155 C,YMS MAJENANG 3S,Salesman,LEASING
NMAX 155,YMS MAJENANG 3S,Counter Sales,LEASING
NMAX 155,YMS MAJENANG 3S,Counter Sales,LEASING
NMAX 155,YMS MAJENANG 3S,Counter Sales,LEASING
NMAX 155 C,YMS MAJENANG 3S,Salesman,LEASING
NMAX 155,YMS MAJENANG 3S,Counter Sales,LEASING
FILANO LUX,YMS MAJENANG 3S,Counter Sales,LEASING
MIO 125 CW,YMS 1S MT HARYONO,Sales Instansi,TUNAI
MIO 125 CW,YMS 1S MT HARYONO,Sales Instansi,TUNAI
MIO 125 CW,YMS 1S MT HARYONO,Sales Instansi,TUNAI
MIO 125 CW,YMS 1S MT HARYONO,Sales Instansi,TUNAI
MIO 125 CW,YMS 1S MT HARYONO,Sales Instansi,TUNAI
MIO 125 CW,YMS 1S MT HARYONO,Sales Instansi,TUNAI
MIO 125 CW,YMS 1S MT HARYONO,Sales Instansi,TUNAI
MIO 125 CW,YMS 1S MT HARYONO,Sales Instansi,TUNAI
MIO 125 CW,YMS 1S MT HARYONO,Sales Instansi,TUNAI
MIO 125 CW,YMS 1S MT HARYONO,Sales Instansi,TUNAI
MIO 125 CW,YMS 1S MT HARYONO,Sales Instansi,TUNAI
MIO 125 CW,YMS 1S MT HARYONO,Sales Instansi,TUNAI
MIO 125 CW,YMS 1S MT HARYONO,Sales Instansi,TUNAI
MIO 125 CW,YMS 1S MT HARYONO,Sales Instansi,TUNAI
MIO 125 CW,YMS 1S MT HARYONO,Sales Instansi,TUNAI
MIO 125 CW,YMS 1S MT HARYONO,Sales Instansi,TUNAI
MIO 125 CW,YMS 1S MT HARYONO,Sales Instansi,TUNAI
MIO 125 CW,YMS 1S MT HARYONO,Sales Instansi,TUNAI
MIO 125 CW,YMS 1S MT HARYONO,Sales Instansi,TUNAI
MIO 125 CW,YMS 1S MT HARYONO,Sales Instansi,TUNAI
MIO 125 CW,YMS 1S MT HARYONO,Sales Instansi,TUNAI
MIO 125 CW,YMS 1S MT HARYONO,Sales Instansi,TUNAI
MIO 125 CW,YMS 1S MT HARYONO,Sales Instansi,TUNAI
MIO 125 CW,YMS 1S MT HARYONO,Sales Instansi,TUNAI
MIO 125 CW,YMS 1S MT HARYONO,Sales Instansi,TUNAI
MIO 125 CW,YMS 1S MT HARYONO,Sales Instansi,TUNAI
MIO 125 CW,YMS 1S MT HARYONO,Sales Instansi,TUNAI
MIO 125 CW,YMS 1S MT HARYONO,Sales Instansi,TUNAI
MIO 125 CW,YMS 1S MT HARYONO,Sales Instansi,TUNAI
MIO 125 CW,YMS 1S MT HARYONO,Sales Instansi,TUNAI
MIO 125 CW,YMS 1S MT HARYONO,Sales Instansi,TUNAI
MIO 125 CW,YMS 1S MT HARYONO,Sales Instansi,TUNAI
MIO 125 CW,YMS 1S MT HARYONO,Sales Instansi,TUNAI
MIO 125 CW,YMS 1S MT HARYONO,Sales Instansi,TUNAI
MIO 125 CW,YMS 1S MT HARYONO,Sales Instansi,TUNAI
MIO 125 CW,YMS 1S MT HARYONO,Sales Instansi,TUNAI
MIO 125 CW,YMS 1S MT HARYONO,Sales Instansi,TUNAI
MIO 125 CW,YMS 1S MT HARYONO,Sales Instansi,TUNAI
MIO 125 CW,YMS 1S MT HARYONO,Sales Instansi,TUNAI
MIO 125 CW,YMS 1S MT HARYONO,Sales Instansi,TUNAI
MIO 125 CW,YMS 1S MT HARYONO,Sales Instansi,TUNAI
MIO 125 CW,YMS 1S MT HARYONO,Sales Instansi,TUNAI
MIO 125 CW,YMS 1S MT HARYONO,Sales Instansi,TUNAI
MIO 125 CW,YMS 1S MT HARYONO,Sales Instansi,TUNAI
MIO 125 CW,YMS 1S MT HARYONO,Sales Instansi,TUNAI
MIO 125 CW,YMS 1S MT HARYONO,Sales Instansi,TUNAI
MIO 125 CW,YMS 1S MT HARYONO,Sales Instansi,TUNAI
MIO 125 CW,YMS 1S MT HARYONO,Sales Instansi,TUNAI
MIO 125 CW,YMS 1S MT HARYONO,Sales Instansi,TUNAI
MIO 125 CW,YMS 1S MT HARYONO,Sales Instansi,TUNAI
MIO 125 CW,YMS 1S MT HARYONO,Sales Instansi,TUNAI
MIO 125 CW,YMS 1S MT HARYONO,Sales Instansi,TUNAI
MIO 125 CW,YMS 1S MT HARYONO,Sales Instansi,TUNAI
MIO 125 CW,YMS 1S MT HARYONO,Sales Instansi,TUNAI
MIO 125 CW,YMS 1S MT HARYONO,Sales Instansi,TUNAI
MIO 125 CW,YMS 1S MT HARYONO,Sales Instansi,TUNAI
MIO 125 CW,YMS 1S MT HARYONO,Sales Instansi,TUNAI
MIO 125 CW,YMS 1S MT HARYONO,Sales Instansi,TUNAI
MIO 125 CW,YMS 1S MT HARYONO,Sales Instansi,TUNAI
MIO 125 CW,YMS 1S MT HARYONO,Sales Instansi,TUNAI
MIO 125 CW,YMS 1S MT HARYONO,Sales Instansi,TUNAI
MIO 125 CW,YMS 1S MT HARYONO,Sales Instansi,TUNAI
MIO 125 CW,YMS 1S MT HARYONO,Sales Instansi,TUNAI
MIO 125 CW,YMS 1S MT HARYONO,Sales Instansi,TUNAI
MIO 125 CW,YMS 1S MT HARYONO,Sales Instansi,TUNAI
MIO 125 CW,YMS 1S MT HARYONO,Sales Instansi,TUNAI
MIO 125 CW,YMS 1S MT HARYONO,Sales Instansi,TUNAI
MIO 125 CW,YMS 1S MT HARYONO,Sales Instansi,TUNAI
MIO 125 CW,YMS 1S MT HARYONO,Sales Instansi,TUNAI
MIO 125 CW,YMS 1S MT HARYONO,Sales Instansi,TUNAI
MIO 125 CW,YMS 1S MT HARYONO,Sales Instansi,TUNAI
MIO 125 CW,YMS 1S MT HARYONO,Sales Instansi,TUNAI
MIO 125 CW,YMS 1S MT HARYONO,Sales Instansi,TUNAI
MIO 125 CW,YMS 1S MT HARYONO,Sales Instansi,TUNAI
MIO 125 CW,YMS 1S MT HARYONO,Sales Instansi,TUNAI
MIO 125 CW,YMS 1S MT HARYONO,Sales Instansi,TUNAI
MIO 125 CW,YMS 1S MT HARYONO,Sales Instansi,TUNAI
MIO 125 CW,YMS 1S MT HARYONO,Sales Instansi,TUNAI
MIO 125 CW,YMS 1S MT HARYONO,Sales Instansi,TUNAI
MIO 125 CW,YMS 1S MT HARYONO,Sales Instansi,TUNAI
MIO 125 CW,YMS 1S MT HARYONO,Sales Instansi,TUNAI
MIO 125 CW,YMS 1S MT HARYONO,Sales Instansi,TUNAI
MIO 125 CW,YMS 1S MT HARYONO,Sales Instansi,TUNAI
MIO 125 CW,YMS 1S MT HARYONO,Sales Instansi,TUNAI
MIO 125 CW,YMS 1S MT HARYONO,Sales Instansi,TUNAI
MIO 125 CW,YMS 1S MT HARYONO,Sales Instansi,TUNAI
MIO 125 CW,YMS 1S MT HARYONO,Sales Instansi,TUNAI
MIO 125 CW,YMS 1S MT HARYONO,Sales Instansi,TUNAI
MIO 125 CW,YMS 1S MT HARYONO,Sales Instansi,TUNAI
MIO 125 CW,YMS 1S MT HARYONO,Sales Instansi,TUNAI
MIO 125 CW,YMS 1S MT HARYONO,Sales Instansi,TUNAI
MIO 125 CW,YMS 1S MT HARYONO,Sales Instansi,TUNAI
MIO 125 CW,YMS 1S MT HARYONO,Sales Instansi,TUNAI
MIO 125 CW,YMS 1S MT HARYONO,Sales Instansi,TUNAI
MIO 125 CW,YMS 1S MT HARYONO,Sales Instansi,TUNAI
MIO 125 CW,YMS 1S MT HARYONO,Sales Instansi,TUNAI
MIO 125 CW,YMS 1S MT HARYONO,Sales Instansi,TUNAI
MIO 125 CW,YMS 1S MT HARYONO,Sales Instansi,TUNAI
MIO 125 CW,YMS 1S MT HARYONO,Sales Instansi,TUNAI
MIO 125 CW,YMS 1S MT HARYONO,Sales Instansi,TUNAI
MIO 125 CW,YMS 1S MT HARYONO,Sales Instansi,TUNAI
MIO 125 CW,YMS 1S MT HARYONO,Sales Instansi,TUNAI
MIO 125 CW,YMS 1S MT HARYONO,Sales Instansi,TUNAI
MIO 125 CW,YMS 1S MT HARYONO,Sales Instansi,TUNAI
MIO 125 CW,YMS 1S MT HARYONO,Sales Instansi,TUNAI
MIO 125 CW,YMS 1S MT HARYONO,Sales Instansi,TUNAI
MIO 125 CW,YMS 1S MT HARYONO,Sales Instansi,TUNAI
MIO 125 CW,YMS 1S MT HARYONO,Sales Instansi,TUNAI
MIO 125 CW,YMS 1S MT HARYONO,Sales Instansi,TUNAI
MIO 125 CW,YMS 1S MT HARYONO,Sales Instansi,TUNAI
MIO 125 CW,YMS 1S MT HARYONO,Sales Instansi,TUNAI
MIO 125 CW,YMS 1S MT HARYONO,Sales Instansi,TUNAI
MIO 125 CW,YMS 1S MT HARYONO,Sales Instansi,TUNAI
MIO 125 CW,YMS 1S MT HARYONO,Sales Instansi,TUNAI
MIO 125 CW,YMS 1S MT HARYONO,Sales Instansi,TUNAI
MIO 125 CW,YMS 1S MT HARYONO,Sales Instansi,TUNAI
MIO 125 CW,YMS 1S MT HARYONO,Sales Instansi,TUNAI
MIO 125 CW,YMS 1S MT HARYONO,Sales Instansi,TUNAI
ALL NEW XSR 155,YMS 1S MT HARYONO,Sales Instansi,TUNAI
ALL NEW XSR 155,YMS 1S MT HARYONO,Sales Instansi,TUNAI
ALL NEW XSR 155,YMS 1S MT HARYONO,Sales Instansi,TUNAI
ALL NEW XSR 155,YMS 1S MT HARYONO,Sales Instansi,TUNAI
ALL NEW XSR 155,YMS 1S MT HARYONO,Sales Instansi,TUNAI
ALL NEW XSR 155,YMS 1S MT HARYONO,Sales Instansi,TUNAI
ALL NEW XSR 155,YMS 1S MT HARYONO,Sales Instansi,TUNAI
ALL NEW XSR 155,YMS 1S MT HARYONO,Sales Instansi,TUNAI
ALL NEW XSR 155,YMS 1S MT HARYONO,Sales Instansi,TUNAI
ALL NEW XSR 155,YMS 1S MT HARYONO,Sales Instansi,TUNAI
ALL NEW XSR 155,YMS 1S MT HARYONO,Sales Instansi,TUNAI
ALL NEW XSR 155,YMS 1S MT HARYONO,Sales Instansi,TUNAI
ALL NEW XSR 155,YMS 1S MT HARYONO,Sales Instansi,TUNAI
ALL NEW XSR 155,YMS 1S MT HARYONO,Sales Instansi,TUNAI
ALL NEW XSR 155,YMS 1S MT HARYONO,Sales Instansi,TUNAI
ALL NEW XSR 155,YMS 1S MT HARYONO,Sales Instansi,TUNAI
ALL NEW XSR 155,YMS 1S MT HARYONO,Sales Instansi,TUNAI
ALL NEW XSR 155,YMS 1S MT HARYONO,Sales Instansi,TUNAI
ALL NEW XSR 155,YMS 1S MT HARYONO,Sales Instansi,TUNAI
ALL NEW XSR 155,YMS 1S MT HARYONO,Sales Instansi,TUNAI
ALL NEW XSR 155,YMS 1S MT HARYONO,Sales Instansi,TUNAI
ALL NEW XSR 155,YMS 1S MT HARYONO,Sales Instansi,TUNAI
ALL NEW XSR 155,YMS 1S MT HARYONO,Sales Instansi,TUNAI
ALL NEW XSR 155,YMS 1S MT HARYONO,Sales Instansi,TUNAI
ALL NEW XSR 155,YMS 1S MT HARYONO,Sales Instansi,TUNAI
ALL NEW XSR 155,YMS 1S MT HARYONO,Sales Instansi,TUNAI
ALL NEW XSR 155,YMS 1S MT HARYONO,Sales Instansi,TUNAI
ALL NEW XSR 155,YMS 1S MT HARYONO,Sales Instansi,TUNAI
ALL NEW XSR 155,YMS 1S MT HARYONO,Sales Instansi,TUNAI
ALL NEW XSR 155,YMS 1S MT HARYONO,Sales Instansi,TUNAI
ALL NEW XSR 155,YMS 1S MT HARYONO,Sales Instansi,TUNAI
ALL NEW XSR 155,YMS 1S MT HARYONO,Sales Instansi,TUNAI
ALL NEW XSR 155,YMS 1S MT HARYONO,Sales Instansi,TUNAI
ALL NEW XSR 155,YMS 1S MT HARYONO,Sales Instansi,TUNAI
ALL NEW XSR 155,YMS 1S MT HARYONO,Sales Instansi,TUNAI
ALL NEW XSR 155,YMS 1S MT HARYONO,Sales Instansi,TUNAI
ALL NEW XSR 155,YMS 1S MT HARYONO,Sales Instansi,TUNAI
ALL NEW XSR 155,YMS 1S MT HARYONO,Sales Instansi,TUNAI
ALL NEW XSR 155,YMS 1S MT HARYONO,Sales Instansi,TUNAI
ALL NEW XSR 155,YMS 1S MT HARYONO,Sales Instansi,TUNAI
ALL NEW XSR 155,YMS 1S MT HARYONO,Sales Instansi,TUNAI
ALL NEW XSR 155,YMS 1S MT HARYONO,Sales Instansi,TUNAI
ALL NEW XSR 155,YMS 1S MT HARYONO,Sales Instansi,TUNAI
ALL NEW XSR 155,YMS 1S MT HARYONO,Sales Instansi,TUNAI
ALL NEW XSR 155,YMS 1S MT HARYONO,Sales Instansi,TUNAI
AEROX 155 C,YMS 1S MT HARYONO,Sales Instansi,TUNAI
AEROX 155 C,YMS 1S MT HARYONO,Sales Instansi,TUNAI
AEROX 155 C,YMS 1S MT HARYONO,Sales Instansi,TUNAI
AEROX 155 C,YMS 1S MT HARYONO,Sales Instansi,TUNAI
AEROX 155 C,YMS 1S MT HARYONO,Sales Instansi,TUNAI
AEROX 155 C,YMS 1S MT HARYONO,Sales Instansi,TUNAI
AEROX 155 C,YMS 1S MT HARYONO,Sales Instansi,TUNAI
AEROX 155 C,YMS 1S MT HARYONO,Sales Instansi,TUNAI
AEROX 155 C,YMS 1S MT HARYONO,Sales Instansi,TUNAI
AEROX 155 C,YMS 1S MT HARYONO,Sales Instansi,TUNAI
AEROX 155 C,YMS 1S MT HARYONO,Sales Instansi,TUNAI
AEROX 155 C,YMS 1S MT HARYONO,Sales Instansi,TUNAI
AEROX 155 C,YMS 1S MT HARYONO,Sales Instansi,TUNAI
ALL NEW XSR 155,YMS 1S MT HARYONO,Sales Instansi,TUNAI
ALL NEW XSR 155,YMS 1S MT HARYONO,Sales Instansi,TUNAI
ALL NEW XSR 155,YMS 1S MT HARYONO,Sales Instansi,TUNAI
MIO 125 CW,YMS 1S MT HARYONO,Sales Instansi,TUNAI
ALL NEW XSR 155,YMS 1S MT HARYONO,Sales Instansi,TUNAI
ALL NEW XSR 155,YMS 1S MT HARYONO,Sales Instansi,TUNAI
ALL NEW XSR 155,YMS 1S MT HARYONO,Sales Instansi,TUNAI
ALL NEW XSR 155,YMS 1S MT HARYONO,Sales Instansi,TUNAI
ALL NEW XSR 155,YMS 1S MT HARYONO,Sales Instansi,TUNAI
ALL NEW XSR 155,YMS 1S MT HARYONO,Sales Instansi,TUNAI
ALL NEW XSR 155,YMS 1S MT HARYONO,Sales Instansi,TUNAI
ALL NEW XSR 155,YMS 1S MT HARYONO,Sales Instansi,TUNAI
ALL NEW XSR 155,YMS 1S MT HARYONO,Sales Instansi,TUNAI
ALL NEW XSR 155,YMS 1S MT HARYONO,Sales Instansi,TUNAI
ALL NEW XSR 155,YMS 1S MT HARYONO,Sales Instansi,TUNAI
ALL NEW XSR 155,YMS 1S MT HARYONO,Sales Instansi,TUNAI
ALL NEW XSR 155,YMS 1S MT HARYONO,Sales Instansi,TUNAI
ALL NEW XSR 155,YMS 1S MT HARYONO,Sales Instansi,TUNAI
ALL NEW XSR 155,YMS 1S MT HARYONO,Sales Instansi,TUNAI
ALL NEW XSR 155,YMS 1S MT HARYONO,Sales Instansi,TUNAI
ALL NEW XSR 155,YMS 1S MT HARYONO,Sales Instansi,TUNAI
ALL NEW XSR 155,YMS 1S MT HARYONO,Sales Instansi,TUNAI
ALL NEW XSR 155,YMS 1S MT HARYONO,Sales Instansi,TUNAI
ALL NEW XSR 155,YMS 1S MT HARYONO,Sales Instansi,TUNAI
ALL NEW XSR 155,YMS 1S MT HARYONO,Sales Instansi,TUNAI
ALL NEW XSR 155,YMS 1S MT HARYONO,Sales Instansi,TUNAI
ALL NEW XSR 155,YMS 1S MT HARYONO,Sales Instansi,TUNAI
ALL NEW XSR 155,YMS 1S MT HARYONO,Sales Instansi,TUNAI
ALL NEW XSR 155,YMS 1S MT HARYONO,Sales Instansi,TUNAI
ALL NEW XSR 155,YMS 1S MT HARYONO,Sales Instansi,TUNAI
ALL NEW XSR 155,YMS 1S MT HARYONO,Sales Instansi,TUNAI
AEROX 155 C,YMS 1S MT HARYONO,Sales Instansi,TUNAI
AEROX 155 C,YMS 1S MT HARYONO,Sales Instansi,TUNAI
AEROX 155 C,YMS 1S MT HARYONO,Sales Instansi,TUNAI
AEROX 155 C,YMS 1S MT HARYONO,Sales Instansi,TUNAI
AEROX 155 C,YMS 1S MT HARYONO,Sales Instansi,TUNAI
AEROX 155 C,YMS 1S MT HARYONO,Sales Instansi,TUNAI
AEROX 155 C,YMS 1S MT HARYONO,Sales Instansi,TUNAI
AEROX 155 C,YMS 1S MT HARYONO,Sales Instansi,TUNAI
AEROX 155 C,YMS 1S MT HARYONO,Sales Instansi,TUNAI
AEROX 155 C,YMS 1S MT HARYONO,Sales Instansi,TUNAI
AEROX 155 C,YMS 1S MT HARYONO,Sales Instansi,TUNAI
MIO 125 CW,YMS 1S MT HARYONO,Sales Instansi,TUNAI
MIO 125 CW,YMS 1S MT HARYONO,Sales Instansi,TUNAI
MIO 125 CW,YMS 1S MT HARYONO,Sales Instansi,TUNAI
MIO 125 CW,YMS 1S MT HARYONO,Sales Instansi,TUNAI
MIO 125 CW,YMS 1S MT HARYONO,Sales Instansi,TUNAI
MIO 125 CW,YMS 1S MT HARYONO,Sales Instansi,TUNAI
GEAR 125,YMS 1S MT HARYONO,Sales Instansi,TUNAI
GEAR 125,YMS 1S MT HARYONO,Sales Instansi,TUNAI
GEAR 125,YMS 1S MT HARYONO,Sales Instansi,TUNAI
GEAR 125,YMS 1S MT HARYONO,Sales Instansi,TUNAI
GEAR 125,YMS 1S MT HARYONO,Sales Instansi,TUNAI
FREEGO 125,YMS 1S MT HARYONO,Sales Instansi,TUNAI
FREEGO 125,YMS 1S MT HARYONO,Sales Instansi,TUNAI
FREEGO 125,YMS 1S MT HARYONO,Sales Instansi,TUNAI
FREEGO 125,YMS 1S MT HARYONO,Sales Instansi,TUNAI
FREEGO 125,YMS 1S MT HARYONO,Sales Instansi,TUNAI
FREEGO 125,YMS 1S MT HARYONO,Sales Instansi,TUNAI
FREEGO 125,YMS 1S MT HARYONO,Sales Instansi,TUNAI
FREEGO 125,YMS 1S MT HARYONO,Sales Instansi,TUNAI
FREEGO 125,YMS 1S MT HARYONO,Sales Instansi,TUNAI
FREEGO 125,YMS 1S MT HARYONO,Sales Instansi,TUNAI
FREEGO 125,YMS 1S MT HARYONO,Sales Instansi,TUNAI
FREEGO 125,YMS 1S MT HARYONO,Sales Instansi,TUNAI
FREEGO 125,YMS 1S MT HARYONO,Sales Instansi,TUNAI
FREEGO 125,YMS 1S MT HARYONO,Sales Instansi,TUNAI
FREEGO 125,YMS 1S MT HARYONO,Sales Instansi,TUNAI
FREEGO 125,YMS 1S MT HARYONO,Sales Instansi,TUNAI
FREEGO 125,YMS 1S MT HARYONO,Sales Instansi,TUNAI
FREEGO 125,YMS 1S MT HARYONO,Sales Instansi,TUNAI
FREEGO 125,YMS 1S MT HARYONO,Sales Instansi,TUNAI
FREEGO 125,YMS 1S MT HARYONO,Sales Instansi,TUNAI
FREEGO 125,YMS 1S MT HARYONO,Sales Instansi,TUNAI
FREEGO 125,YMS 1S MT HARYONO,Sales Instansi,TUNAI
FREEGO 125,YMS 1S MT HARYONO,Sales Instansi,TUNAI
FREEGO 125,YMS 1S MT HARYONO,Sales Instansi,TUNAI
FREEGO 125,YMS 1S MT HARYONO,Sales Instansi,TUNAI
FREEGO 125,YMS 1S MT HARYONO,Sales Instansi,TUNAI
FREEGO 125,YMS 1S MT HARYONO,Sales Instansi,TUNAI
FREEGO 125,YMS 1S MT HARYONO,Sales Instansi,TUNAI
FREEGO 125,YMS 1S MT HARYONO,Sales Instansi,TUNAI
FREEGO 125,YMS 1S MT HARYONO,Sales Instansi,TUNAI
FREEGO 125,YMS 1S MT HARYONO,Sales Instansi,TUNAI
FREEGO 125,YMS 1S MT HARYONO,Sales Instansi,TUNAI
FREEGO 125,YMS 1S MT HARYONO,Sales Instansi,TUNAI
FREEGO 125,YMS 1S MT HARYONO,Sales Instansi,TUNAI
FREEGO 125,YMS 1S MT HARYONO,Sales Instansi,TUNAI
FREEGO 125,YMS 1S MT HARYONO,Sales Instansi,TUNAI
FREEGO 125,YMS 1S MT HARYONO,Sales Instansi,TUNAI
FREEGO 125,YMS 1S MT HARYONO,Sales Instansi,TUNAI
FREEGO 125,YMS 1S MT HARYONO,Sales Instansi,TUNAI
FREEGO 125,YMS 1S MT HARYONO,Sales Instansi,TUNAI
FREEGO 125,YMS 1S MT HARYONO,Sales Instansi,TUNAI
FREEGO 125,YMS 1S MT HARYONO,Sales Instansi,TUNAI
FREEGO 125,YMS 1S MT HARYONO,Sales Instansi,TUNAI
FREEGO 125,YMS 1S MT HARYONO,Sales Instansi,TUNAI
FREEGO 125,YMS 1S MT HARYONO,Sales Instansi,TUNAI
FREEGO 125,YMS 1S MT HARYONO,Sales Instansi,TUNAI
FREEGO 125,YMS 1S MT HARYONO,Sales Instansi,TUNAI
FREEGO 125,YMS 1S MT HARYONO,Sales Instansi,TUNAI
FREEGO 125,YMS 1S MT HARYONO,Sales Instansi,TUNAI
FREEGO 125,YMS 1S MT HARYONO,Sales Instansi,TUNAI
FREEGO 125,YMS 1S MT HARYONO,Sales Instansi,TUNAI
FREEGO 125,YMS 1S MT HARYONO,Sales Instansi,TUNAI
FREEGO 125,YMS 1S MT HARYONO,Sales Instansi,TUNAI
FREEGO 125,YMS 1S MT HARYONO,Sales Instansi,TUNAI
FREEGO 125,YMS 1S MT HARYONO,Sales Instansi,TUNAI
FREEGO 125,YMS 1S MT HARYONO,Sales Instansi,TUNAI
FREEGO 125,YMS 1S MT HARYONO,Sales Instansi,TUNAI
FREEGO 125,YMS 1S MT HARYONO,Sales Instansi,TUNAI
FREEGO 125,YMS 1S MT HARYONO,Sales Instansi,TUNAI
FREEGO 125,YMS 1S MT HARYONO,Sales Instansi,TUNAI
FREEGO 125,YMS 1S MT HARYONO,Sales Instansi,TUNAI
FREEGO 125,YMS 1S MT HARYONO,Sales Instansi,TUNAI
FREEGO 125,YMS 1S MT HARYONO,Sales Instansi,TUNAI
FREEGO 125,YMS 1S MT HARYONO,Sales Instansi,TUNAI
MIO 125 CW,YMS 1S MT HARYONO,Sales Instansi,TUNAI
MIO 125 CW,YMS 1S MT HARYONO,Sales Instansi,TUNAI
MIO 125 CW,YMS 1S MT HARYONO,Sales Instansi,TUNAI
MIO 125 CW,YMS 1S MT HARYONO,Sales Instansi,TUNAI
MIO 125 CW,YMS 1S MT HARYONO,Sales Instansi,TUNAI
MIO 125 CW,YMS 1S MT HARYONO,Sales Instansi,TUNAI
MIO 125 CW,YMS 1S MT HARYONO,Sales Instansi,TUNAI
MIO 125 CW,YMS 1S MT HARYONO,Sales Instansi,TUNAI
MIO 125 CW,YMS 1S MT HARYONO,Sales Instansi,TUNAI
MIO 125 CW,YMS 1S MT HARYONO,Sales Instansi,TUNAI
MIO 125 CW,YMS 1S MT HARYONO,Sales Instansi,TUNAI
MIO 125 CW,YMS 1S MT HARYONO,Sales Instansi,TUNAI
MIO 125 CW,YMS 1S MT HARYONO,Sales Instansi,TUNAI
MIO 125 CW,YMS 1S MT HARYONO,Sales Instansi,TUNAI
MIO 125 CW,YMS 1S MT HARYONO,Sales Instansi,TUNAI
MIO 125 CW,YMS 1S MT HARYONO,Sales Instansi,TUNAI
MIO 125 CW,YMS 1S MT HARYONO,Sales Instansi,TUNAI
MIO 125 CW,YMS 1S MT HARYONO,Sales Instansi,TUNAI
MIO 125 CW,YMS 1S MT HARYONO,Sales Instansi,TUNAI
MIO 125 CW,YMS 1S MT HARYONO,Sales Instansi,TUNAI
MIO 125 CW,YMS 1S MT HARYONO,Sales Instansi,TUNAI
MIO 125 CW,YMS 1S MT HARYONO,Sales Instansi,TUNAI
MIO 125 CW,YMS 1S MT HARYONO,Sales Instansi,TUNAI
MIO 125 CW,YMS 1S MT HARYONO,Sales Instansi,TUNAI
MIO 125 CW,YMS 1S MT HARYONO,Sales Instansi,TUNAI
MIO 125 CW,YMS 1S MT HARYONO,Sales Instansi,TUNAI
MIO 125 CW,YMS 1S MT HARYONO,Sales Instansi,TUNAI
MIO 125 CW,YMS 1S MT HARYONO,Sales Instansi,TUNAI
MIO 125 CW,YMS 1S MT HARYONO,Sales Instansi,TUNAI
MIO 125 CW,YMS 1S MT HARYONO,Sales Instansi,TUNAI
MIO 125 CW,YMS 1S MT HARYONO,Sales Instansi,TUNAI
MIO 125 CW,YMS 1S MT HARYONO,Sales Instansi,TUNAI
MIO 125 CW,YMS 1S MT HARYONO,Sales Instansi,TUNAI
MIO 125 CW,YMS 1S MT HARYONO,Sales Instansi,TUNAI
MIO 125 CW,YMS 1S MT HARYONO,Sales Instansi,TUNAI
AEROX 155 C,YMS 1S MT HARYONO,Sales Instansi,TUNAI
AEROX 155 C,YMS 1S MT HARYONO,Sales Instansi,TUNAI
AEROX 155 C,YMS 1S MT HARYONO,Sales Instansi,TUNAI
AEROX 155 C,YMS 1S MT HARYONO,Sales Instansi,TUNAI
AEROX 155 C,YMS 1S MT HARYONO,Sales Instansi,TUNAI
AEROX 155 C,YMS 1S MT HARYONO,Sales Instansi,TUNAI
AEROX 155 C,YMS 1S MT HARYONO,Sales Instansi,TUNAI
AEROX 155 C,YMS 1S MT HARYONO,Sales Instansi,TUNAI
AEROX 155 C,YMS 1S MT HARYONO,Sales Instansi,TUNAI
AEROX 155 C,YMS 1S MT HARYONO,Sales Instansi,TUNAI
AEROX 155 C,YMS 1S MT HARYONO,Sales Instansi,TUNAI
AEROX 155 C,YMS 1S MT HARYONO,Sales Instansi,TUNAI
AEROX 155 C,YMS 1S MT HARYONO,Sales Instansi,TUNAI
AEROX 155 C,YMS 1S MT HARYONO,Sales Instansi,TUNAI
AEROX 155 C,YMS 1S MT HARYONO,Sales Instansi,TUNAI
AEROX 155 C,YMS 1S MT HARYONO,Sales Instansi,TUNAI
AEROX 155 C,YMS 1S MT HARYONO,Sales Instansi,TUNAI
AEROX 155 C,YMS 1S MT HARYONO,Sales Instansi,TUNAI
AEROX 155 C,YMS 1S MT HARYONO,Sales Instansi,TUNAI
AEROX 155 C,YMS 1S MT HARYONO,Sales Instansi,TUNAI
MIO 125 CW,YMS 1S MT HARYONO,Sales Instansi,TUNAI
MIO 125 CW,YMS 1S MT HARYONO,Sales Instansi,TUNAI
MIO 125 CW,YMS 1S MT HARYONO,Sales Instansi,TUNAI
MIO 125 CW,YMS 1S MT HARYONO,Sales Instansi,TUNAI
MIO 125 CW,YMS 1S MT HARYONO,Sales Instansi,TUNAI
MIO 125 CW,YMS 1S MT HARYONO,Sales Instansi,TUNAI
MIO 125 CW,YMS 1S MT HARYONO,Sales Instansi,TUNAI
MIO 125 CW,YMS 1S MT HARYONO,Sales Instansi,TUNAI
MIO 125 CW,YMS 1S MT HARYONO,Sales Instansi,TUNAI
MIO 125 CW,YMS 1S MT HARYONO,Sales Instansi,TUNAI
MIO 125 CW,YMS 1S MT HARYONO,Sales Instansi,TUNAI
MIO 125 CW,YMS 1S MT HARYONO,Sales Instansi,TUNAI
MIO 125 CW,YMS 1S MT HARYONO,Sales Instansi,TUNAI
MIO 125 CW,YMS 1S MT HARYONO,Sales Instansi,TUNAI
MIO 125 CW,YMS 1S MT HARYONO,Sales Instansi,TUNAI
MIO 125 CW,YMS 1S MT HARYONO,Sales Instansi,TUNAI
MIO 125 CW,YMS 1S MT HARYONO,Sales Instansi,TUNAI
MIO 125 CW,YMS 1S MT HARYONO,Sales Instansi,TUNAI
MIO 125 CW,YMS 1S MT HARYONO,Sales Instansi,TUNAI
MIO 125 CW,YMS 1S MT HARYONO,Sales Instansi,TUNAI
MIO 125 CW,YMS 1S MT HARYONO,Sales Instansi,TUNAI
MIO 125 CW,YMS 1S MT HARYONO,Sales Instansi,TUNAI
MIO 125 CW,YMS 1S MT HARYONO,Sales Instansi,TUNAI
MIO 125 CW,YMS 1S MT HARYONO,Sales Instansi,TUNAI
MIO 125 CW,YMS 1S MT HARYONO,Sales Instansi,TUNAI
MIO 125 CW,YMS 1S MT HARYONO,Sales Instansi,TUNAI
MIO 125 CW,YMS 1S MT HARYONO,Sales Instansi,TUNAI
MIO 125 CW,YMS 1S MT HARYONO,Sales Instansi,TUNAI
MIO 125 CW,YMS 1S MT HARYONO,Sales Instansi,TUNAI
MIO 125 CW,YMS 1S MT HARYONO,Sales Instansi,TUNAI
MIO 125 CW,YMS 1S MT HARYONO,Sales Instansi,TUNAI
MIO 125 CW,YMS 1S MT HARYONO,Sales Instansi,TUNAI
MIO 125 CW,YMS 1S MT HARYONO,Sales Instansi,TUNAI
MIO 125 CW,YMS 1S MT HARYONO,Sales Instansi,TUNAI
MIO 125 CW,YMS 1S MT HARYONO,Sales Instansi,TUNAI
MIO 125 CW,YMS 1S MT HARYONO,Sales Instansi,TUNAI
MIO 125 CW,YMS 1S MT HARYONO,Sales Instansi,TUNAI
MIO 125 CW,YMS 1S MT HARYONO,Sales Instansi,TUNAI
MIO 125 CW,YMS 1S MT HARYONO,Sales Instansi,TUNAI
MIO 125 CW,YMS 1S MT HARYONO,Sales Instansi,TUNAI
MIO 125 CW,YMS 1S MT HARYONO,Sales Instansi,TUNAI
MIO 125 CW,YMS 1S MT HARYONO,Sales Instansi,TUNAI
MIO 125 CW,YMS 1S MT HARYONO,Sales Instansi,TUNAI
MIO 125 CW,YMS 1S MT HARYONO,Sales Instansi,TUNAI
NMAX 155 ABS,YMS 1S MT HARYONO,Sales Instansi,TUNAI
NMAX 155 ABS,YMS 1S MT HARYONO,Sales Instansi,TUNAI
MIO 125 CW,YMS 1S MT HARYONO,Sales Instansi,TUNAI
MIO 125 CW,YMS 1S MT HARYONO,Sales Instansi,TUNAI
MIO 125 CW,YMS 1S MT HARYONO,Sales Instansi,TUNAI
MIO 125 CW,YMS 1S MT HARYONO,Sales Instansi,TUNAI
MIO 125 CW,YMS 1S MT HARYONO,Sales Instansi,TUNAI
MIO 125 CW,YMS 1S MT HARYONO,Sales Instansi,TUNAI
MIO 125 CW,YMS 1S MT HARYONO,Sales Instansi,TUNAI
MIO 125 CW,YMS 1S MT HARYONO,Sales Instansi,TUNAI
MIO 125 CW,YMS 1S MT HARYONO,Sales Instansi,TUNAI
MIO 125 CW,YMS 1S MT HARYONO,Sales Instansi,TUNAI
MIO 125 CW,YMS 1S MT HARYONO,Sales Instansi,TUNAI
MIO 125 CW,YMS 1S MT HARYONO,Sales Instansi,TUNAI
MIO 125 CW,YMS 1S MT HARYONO,Sales Instansi,TUNAI
MIO 125 CW,YMS 1S MT HARYONO,Sales Instansi,TUNAI
MIO 125 CW,YMS 1S MT HARYONO,Sales Instansi,TUNAI
MIO 125 CW,YMS 1S MT HARYONO,Sales Instansi,TUNAI
MIO 125 CW,YMS 1S MT HARYONO,Sales Instansi,TUNAI
MIO 125 CW,YMS 1S MT HARYONO,Sales Instansi,TUNAI
MIO 125 CW,YMS 1S MT HARYONO,Sales Instansi,TUNAI
MIO 125 CW,YMS 1S MT HARYONO,Sales Instansi,TUNAI
MIO 125 CW,YMS 1S MT HARYONO,Sales Instansi,TUNAI
MIO 125 CW,YMS 1S MT HARYONO,Sales Instansi,TUNAI
MIO 125 CW,YMS 1S MT HARYONO,Sales Instansi,TUNAI
MIO 125 CW,YMS 1S MT HARYONO,Sales Instansi,TUNAI
MIO 125 CW,YMS 1S MT HARYONO,Sales Instansi,TUNAI
MIO 125 CW,YMS 1S MT HARYONO,Sales Instansi,TUNAI
MIO 125 CW,YMS 1S MT HARYONO,Sales Instansi,TUNAI
MIO 125 CW,YMS 1S MT HARYONO,Sales Instansi,TUNAI
MIO 125 CW,YMS 1S MT HARYONO,Sales Instansi,TUNAI
MIO 125 CW,YMS 1S MT HARYONO,Sales Instansi,TUNAI
NEW FINO GRANDE,YMS 1S MT HARYONO,Sales Instansi,TUNAI
NEW FINO GRANDE,YMS 1S MT HARYONO,Sales Instansi,TUNAI
NEW FINO GRANDE,YMS 1S MT HARYONO,Sales Instansi,TUNAI
NEW FINO GRANDE,YMS 1S MT HARYONO,Sales Instansi,TUNAI
NEW FINO GRANDE,YMS 1S MT HARYONO,Sales Instansi,TUNAI
NEW FINO GRANDE,YMS 1S MT HARYONO,Sales Instansi,TUNAI
NEW FINO GRANDE,YMS 1S MT HARYONO,Sales Instansi,TUNAI
NEW FINO GRANDE,YMS 1S MT HARYONO,Sales Instansi,TUNAI
NEW FINO GRANDE,YMS 1S MT HARYONO,Sales Instansi,TUNAI
NEW FINO GRANDE,YMS 1S MT HARYONO,Sales Instansi,TUNAI
NEW FINO GRANDE,YMS 1S MT HARYONO,Sales Instansi,TUNAI
NEW FINO GRANDE,YMS 1S MT HARYONO,Sales Instansi,TUNAI
NEW FINO GRANDE,YMS 1S MT HARYONO,Sales Instansi,TUNAI
NEW FINO GRANDE,YMS 1S MT HARYONO,Sales Instansi,TUNAI
NEW FINO GRANDE,YMS 1S MT HARYONO,Sales Instansi,TUNAI
AEROX 155 C,YMS 1S MT HARYONO,Sales Instansi,TUNAI
AEROX 155 C,YMS 1S MT HARYONO,Sales Instansi,TUNAI
AEROX 155 C,YMS 1S MT HARYONO,Sales Instansi,TUNAI
AEROX 155 C,YMS 1S MT HARYONO,Sales Instansi,TUNAI
AEROX 155 C,YMS 1S MT HARYONO,Sales Instansi,TUNAI
GEAR 125,YMS SETIABUDI,Sales Instansi,TUNAI
FAZZIO NEO,YMS PEDURUNGAN 3S,Sales Instansi,TUNAI
GEAR 125 S,PLJ SAMBIROTO,Sales Instansi,TUNAI
GEAR 125 S,PLJ SAMBIROTO,Sales Instansi,TUNAI
GEAR 125 S,PLJ SAMBIROTO,Sales Instansi,TUNAI
GEAR 125 S,PLJ SAMBIROTO,Sales Instansi,TUNAI
GEAR 125 S,PLJ SAMBIROTO,Sales Instansi,TUNAI
GEAR 125 S,PLJ SAMBIROTO,Sales Instansi,TUNAI
GEAR 125 S,PLJ SAMBIROTO,Sales Instansi,TUNAI
GEAR 125 S,PLJ SAMBIROTO,Sales Instansi,TUNAI
GEAR 125 S,PLJ SAMBIROTO,Sales Instansi,TUNAI
GEAR 125 S,PLJ SAMBIROTO,Sales Instansi,TUNAI
GEAR 125 S,PLJ SAMBIROTO,Sales Instansi,TUNAI
NMAX 155,YMS TAYU 2S,Sales Instansi,TUNAI
GEAR 125 S,YMS REMBANG 3S,Sales Instansi,TUNAI
NMAX 155 C,YMS BANGSRI 3S,Sales Instansi,TUNAI
GEAR 125 S,YMS PURWOKERTO 3S,Sales Instansi,TUNAI
GEAR 125 S,YMS PURWOKERTO 3S,Sales Instansi,TUNAI
GEAR 125 S,YMS PURWOKERTO 3S,Sales Instansi,TUNAI
GEAR 125 S,YMS PURWOKERTO 3S,Sales Instansi,TUNAI
GEAR 125 S,YMS PURWOKERTO 3S,Sales Instansi,TUNAI
GEAR 125 S,YMS PURWOKERTO 3S,Sales Instansi,TUNAI
GEAR 125 S,YMS PURWOKERTO 3S,Sales Instansi,TUNAI
GEAR 125 S,YMS PURWOKERTO 3S,Sales Instansi,TUNAI
GEAR 125 S,YMS PURWOKERTO 3S,Sales Instansi,TUNAI
GEAR 125 S,YMS PURWOKERTO 3S,Sales Instansi,TUNAI
GEAR 125 S,YMS PURWOKERTO 3S,Sales Instansi,TUNAI
GEAR 125 S,YMS PURWOKERTO 3S,Sales Instansi,TUNAI
GEAR 125 S,YMS PURWOKERTO 3S,Sales Instansi,TUNAI
GEAR 125 S,YMS PURWOKERTO 3S,Sales Instansi,TUNAI
GEAR 125 S,YMS PURWOKERTO 3S,Sales Instansi,TUNAI
GEAR 125 S,YMS PURWOKERTO 3S,Sales Instansi,TUNAI
GEAR 125 S,YMS PURWOKERTO 3S,Sales Instansi,TUNAI
GEAR 125 S,YMS PURWOKERTO 3S,Sales Instansi,TUNAI
GEAR 125 S,YMS PURWOKERTO 3S,Sales Instansi,TUNAI
GEAR 125 S,YMS PURWOKERTO 3S,Sales Instansi,TUNAI
GEAR 125 S,YMS PURWOKERTO 3S,Sales Instansi,TUNAI
GEAR 125 S,YMS PURWOKERTO 3S,Sales Instansi,TUNAI
GEAR 125 S,YMS PURWOKERTO 3S,Sales Instansi,TUNAI
GEAR 125 S,YMS PURWOKERTO 3S,Sales Instansi,TUNAI
GEAR 125 S,YMS PURWOKERTO 3S,Sales Instansi,TUNAI
GEAR 125 S,YMS PURWOKERTO 3S,Sales Instansi,TUNAI
GEAR 125 S,YMS PURWOKERTO 3S,Sales Instansi,TUNAI
GEAR 125 S,YMS PURWOKERTO 3S,Sales Instansi,TUNAI
GEAR 125 S,YMS PURWOKERTO 3S,Sales Instansi,TUNAI
GEAR 125 S,YMS PURWOKERTO 3S,Sales Instansi,TUNAI
GEAR 125 S,YMS PURWOKERTO 3S,Sales Instansi,TUNAI
GEAR 125 S,YMS PURWOKERTO 3S,Sales Instansi,TUNAI
GEAR 125 S,YMS PURWOKERTO 3S,Sales Instansi,TUNAI
GEAR 125 S,YMS PURWOKERTO 3S,Sales Instansi,TUNAI
GEAR 125 S,YMS PURWOKERTO 3S,Sales Instansi,TUNAI
GEAR 125 S,YMS PURWOKERTO 3S,Sales Instansi,TUNAI
GEAR 125 S,YMS PURWOKERTO 3S,Sales Instansi,TUNAI
GEAR 125 S,YMS PURWOKERTO 3S,Sales Instansi,TUNAI
GEAR 125 S,YMS PURWOKERTO 3S,Sales Instansi,TUNAI
GEAR 125 S,YMS PURWOKERTO 3S,Sales Instansi,TUNAI
GEAR 125 S,YMS PURWOKERTO 3S,Sales Instansi,TUNAI
GEAR 125 S,YMS PURWOKERTO 3S,Sales Instansi,TUNAI
GEAR 125 S,YMS PURWOKERTO 3S,Sales Instansi,TUNAI
GEAR 125 S,YMS PURWOKERTO 3S,Sales Instansi,TUNAI
GEAR 125 S,YMS PURWOKERTO 3S,Sales Instansi,TUNAI
GEAR 125 S,YMS PURWOKERTO 3S,Sales Instansi,TUNAI
GEAR 125 S,YMS PURWOKERTO 3S,Sales Instansi,TUNAI
GEAR 125 S,YMS PURWOKERTO 3S,Sales Instansi,TUNAI
GEAR 125 S,YMS PURWOKERTO 3S,Sales Instansi,TUNAI
GEAR 125 S,YMS PURWOKERTO 3S,Sales Instansi,TUNAI
GEAR 125 S,YMS PURWOKERTO 3S,Sales Instansi,TUNAI
GEAR 125 S,YMS PURWOKERTO 3S,Sales Instansi,TUNAI
GEAR 125 S,YMS PURWOKERTO 3S,Sales Instansi,TUNAI
GEAR 125 S,YMS PURWOKERTO 3S,Sales Instansi,TUNAI
GEAR 125 S,YMS PURWOKERTO 3S,Sales Instansi,TUNAI
GEAR 125 S,YMS PURWOKERTO 3S,Sales Instansi,TUNAI
GEAR 125 S,YMS PURWOKERTO 3S,Sales Instansi,TUNAI
GEAR 125 S,YMS PURWOKERTO 3S,Sales Instansi,TUNAI
GEAR 125 S,YMS PURWOKERTO 3S,Sales Instansi,TUNAI
GEAR 125 S,YMS PURWOKERTO 3S,Sales Instansi,TUNAI
GEAR 125 S,YMS PURWOKERTO 3S,Sales Instansi,TUNAI
GEAR 125 S,YMS PURWOKERTO 3S,Sales Instansi,TUNAI
GEAR 125 S,YMS PURWOKERTO 3S,Sales Instansi,TUNAI
GEAR 125 S,YMS PURWOKERTO 3S,Sales Instansi,TUNAI
GEAR 125 S,YMS PURWOKERTO 3S,Sales Instansi,TUNAI
GEAR 125 S,YMS PURWOKERTO 3S,Sales Instansi,TUNAI
GEAR 125 S,YMS PURWOKERTO 3S,Sales Instansi,TUNAI
GEAR 125 S,YMS PURWOKERTO 3S,Sales Instansi,TUNAI
GEAR 125 S,YMS PURWOKERTO 3S,Sales Instansi,TUNAI
GEAR 125 S,YMS PURWOKERTO 3S,Sales Instansi,TUNAI
GEAR 125 S,YMS PURWOKERTO 3S,Sales Instansi,TUNAI
GEAR 125 S,YMS PURWOKERTO 3S,Sales Instansi,TUNAI
GEAR 125 S,YMS PURWOKERTO 3S,Sales Instansi,TUNAI
GEAR 125 S,YMS PURWOKERTO 3S,Sales Instansi,TUNAI
GEAR 125 S,YMS PURWOKERTO 3S,Sales Instansi,TUNAI
GEAR 125 S,YMS PURWOKERTO 3S,Sales Instansi,TUNAI
GEAR 125 S,YMS PURWOKERTO 3S,Sales Instansi,TUNAI
GEAR 125 S,YMS PURWOKERTO 3S,Sales Instansi,TUNAI
GEAR 125 S,YMS PURWOKERTO 3S,Sales Instansi,TUNAI
GEAR 125 S,YMS PURWOKERTO 3S,Sales Instansi,TUNAI
GEAR 125 S,YMS PURWOKERTO 3S,Sales Instansi,TUNAI
GEAR 125 S,YMS PURWOKERTO 3S,Sales Instansi,TUNAI
GEAR 125 S,YMS PURWOKERTO 3S,Sales Instansi,TUNAI
GEAR 125 S,YMS PURWOKERTO 3S,Sales Instansi,TUNAI
GEAR 125 S,YMS PURWOKERTO 3S,Sales Instansi,TUNAI
GEAR 125 S,YMS PURWOKERTO 3S,Sales Instansi,TUNAI
GEAR 125 S,YMS PURWOKERTO 3S,Sales Instansi,TUNAI
GEAR 125 S,YMS PURWOKERTO 3S,Sales Instansi,TUNAI
GEAR 125 S,YMS PURWOKERTO 3S,Sales Instansi,TUNAI
GEAR 125 S,YMS PURWOKERTO 3S,Sales Instansi,TUNAI
GEAR 125 S,YMS PURWOKERTO 3S,Sales Instansi,TUNAI
GEAR 125 S,YMS PURWOKERTO 3S,Sales Instansi,TUNAI
GEAR 125 S,YMS PURWOKERTO 3S,Sales Instansi,TUNAI
GEAR 125 S,YMS PURWOKERTO 3S,Sales Instansi,TUNAI
GEAR 125 S,YMS PURWOKERTO 3S,Sales Instansi,TUNAI
GEAR 125 S,YMS PURWOKERTO 3S,Sales Instansi,TUNAI
GEAR 125 S,YMS PURWOKERTO 3S,Sales Instansi,TUNAI
GEAR 125 S,YMS PURWOKERTO 3S,Sales Instansi,TUNAI
GEAR 125 S,YMS PURWOKERTO 3S,Sales Instansi,TUNAI
GEAR 125 S,YMS PURWOKERTO 3S,Sales Instansi,TUNAI
GEAR 125 S,YMS PURWOKERTO 3S,Sales Instansi,TUNAI
GEAR 125 S,YMS PURWOKERTO 3S,Sales Instansi,TUNAI
GEAR 125,YMS PURWOKERTO 3S,Sales Instansi,TUNAI
FREEGO 125,PLJ PARANGTRITIS,Sales Instansi,TUNAI
AEROX 155 C,YMS SANG AJI 3S,Sales Instansi,TUNAI
MIO 125 CW,3S PONOROGO,Salesman,TUNAI
ALL NEW VIXION,3S PONOROGO,Salesman,TUNAI
